frame,clase,confianza,landmarks_ms,cnn_ms,percepcion_ms,filtro_ms
51,3,49.47319030761719,45.07359996205196,9.157599997706711,54.23119995975867,0.006799993570894003
53,1,65.14725685119629,48.18499996326864,3.9937999681569636,52.1787999314256,0.006199989002197981
55,1,91.66954159736633,46.631500008516014,3.050200000870973,49.68170000938699,0.006599992047995329
57,3,66.32292866706848,44.64700003154576,3.0647999956272542,47.71180002717301,0.005400041118264198
59,3,78.18023562431335,47.078699979465455,2.9547999729402363,50.03349995240569,0.006599992047995329
61,3,78.18023562431335,46.60540004260838,2.978599979542196,49.584000022150576,0.004999979864805937
63,3,62.44779825210571,45.016199990641326,2.908899972680956,47.92509996332228,0.007199996616691351
65,3,62.44779825210571,46.797299990430474,3.403899958357215,50.20119994878769,0.008200004231184721
68,1,51.99268460273743,48.601899994537234,3.452699980698526,52.05459997523576,0.003200024366378784
70,1,75.3377914428711,47.70319996168837,3.0389000312425196,50.74209999293089,0.0027999631129205227
72,1,75.3377914428711,51.5173000167124,3.276199975516647,54.793499992229044,0.0038999714888632298
74,1,55.04594445228577,47.086099977605045,3.187399997841567,50.27349997544661,0.0039000296965241432
76,1,55.04594445228577,48.64709998946637,3.1929000397212803,51.84000002918765,0.0029999646358191967
88,1,52.18212604522705,50.43430003570393,3.283499972894788,53.717800008598715,0.002900022082030773
100,1,84.30559039115906,43.5861999867484,3.2328999950550497,46.81909998180345,0.005099980626255274
101,2,35.05115211009979,22.976100037340075,3.258700016885996,26.23480005422607,0.00300002284348011
102,2,67.10969805717468,23.362300009466708,2.705999999307096,26.068300008773804,0.002800021320581436
103,1,61.074668169021606,22.63610000954941,4.859600041527301,27.49570005107671,0.003500026650726795
104,1,97.94802665710449,23.18730001570657,3.042800002731383,26.230100018437952,0.004199973773211241
424,0,99.98958110809326,38.21670002071187,3.0335999908857048,41.250300011597574,0.004099973011761904
425,0,99.93042945861816,20.66380000906065,2.6148000033572316,23.278600012417883,0.004399975296109915
426,0,99.87373948097229,21.951799979433417,2.946400025393814,24.89820000482723,0.003800028935074806
427,0,99.93531107902527,22.43309997720644,2.9985999572090805,25.43169993441552,0.004399975296109915
428,0,99.49043989181519,22.11300004273653,2.6165000163018703,24.7295000590384,0.00400003045797348
429,0,99.14851784706116,22.051899984944612,2.7464000158943236,24.798300000838935,0.0033999676816165447
430,0,99.57782030105591,23.52320001227781,2.673199982382357,26.19639999466017,0.12290000449866056
431,0,99.54720735549927,22.635600005742162,2.840600034687668,25.47620004042983,0.04060001811012626
432,0,99.4568943977356,22.79909997014329,2.6987000019289553,25.497799972072244,0.046200002543628216
433,0,99.6478259563446,23.182200035080314,2.9089999734424055,26.09120000852272,0.045900000259280205
434,0,99.81856942176819,22.802299994509667,2.6730000390671194,25.475300033576787,0.046200002543628216
435,0,99.90444779396057,22.289699991233647,2.70089996047318,24.990599951706827,0.03600004129111767
436,0,99.79279041290283,23.41399999568239,3.3434999641031027,26.75749995978549,0.04469999112188816
437,0,99.8969554901123,24.838499957695603,3.006699960678816,27.84519991837442,0.03609998384490609
438,0,99.91003274917603,22.855599992908537,2.5539000052958727,25.40949999820441,0.029100046958774328
439,0,99.21682476997375,22.7661999524571,3.0116999987512827,25.777899951208383,0.04280003486201167
440,0,99.84427094459534,22.030599997378886,2.5171000161208212,24.547700013499707,0.028499984182417393
441,0,99.86000657081604,23.282799986191094,2.801199967507273,26.083999953698367,0.03029999788850546
442,0,99.93833303451538,22.81390002463013,2.5250999606214464,25.338999985251576,0.026899971999228
443,0,99.90463852882385,23.445900005754083,2.922699961345643,26.368599967099726,0.03130000550299883
444,0,99.95816349983215,22.387700038962066,3.069200029131025,25.45690006809309,0.03290001768618822
445,0,99.80713725090027,22.65980001538992,2.869300020392984,25.529100035782903,0.031000003218650818
446,0,99.87230896949768,23.663400032091886,3.0829000170342624,26.74630004912615,0.0301000545732677
447,0,99.9094009399414,22.338700015097857,2.7338999789208174,25.072599994018674,0.029499991796910763
448,0,99.69929456710815,23.29520002240315,2.942899998743087,26.238100021146238,0.032400013878941536
449,0,99.78644251823425,23.313700046855956,2.6250999653711915,25.938800012227148,0.0295999925583601
450,0,99.88473653793335,24.341800017282367,2.9696000274270773,27.311400044709444,0.029099988751113415
451,0,99.83468055725098,22.21670001745224,2.6434000465087593,24.860100063961,0.02629996743053198
452,1,92.85332560539246,23.405899992212653,2.9887999990023673,26.39469999121502,0.02759997732937336
453,1,91.44968390464783,23.566999996546656,2.9794000438414514,26.546400040388107,0.03370002377778292
454,1,92.04040765762329,21.900199993979186,2.6491000317037106,24.549300025682896,0.03190001007169485
455,1,90.36833643913269,24.16049997555092,3.187499998603016,27.347999974153936,0.036100042052567005
456,1,90.25699496269226,23.490399995353073,2.7935999678447843,26.283999963197857,0.031299947295337915
457,1,93.53787899017334,23.14880001358688,2.7841999544762075,25.932999968063086,0.033400021493434906
458,1,93.54562759399414,22.445600014179945,2.9980000108480453,25.44360002502799,0.04069996066391468
459,1,92.56645441055298,22.95900002354756,2.7823999989777803,25.74140002252534,0.032800016924738884
460,1,92.96756982803345,22.388799989130348,3.1427000067196786,25.531499995850027,0.03460003063082695
461,1,93.14545392990112,23.61380000365898,2.569699950981885,26.183499954640865,0.039700011257082224
462,1,93.25724840164185,23.574099992401898,2.6889999862760305,26.26309997867793,0.026600027922540903
463,1,92.18871593475342,22.564399987459183,2.5010000099428,25.065399997401983,0.02659996971487999
464,1,88.62506747245789,22.729700023774058,2.7849000180140138,25.51460004178807,0.027699978090822697
465,1,88.68547081947327,22.196699981577694,3.0192999984137714,25.215999979991466,0.037999998312443495
466,1,89.25328850746155,22.067399986553937,2.913599950261414,24.98099993681535,0.041700026486068964
467,1,92.26214289665222,24.299199983943254,2.821700007189065,27.12089999113232,0.030499999411404133
468,1,91.77424907684326,24.020500015467405,2.944900013972074,26.96540002943948,0.029199989512562752
469,1,93.63725781440735,22.883899975568056,2.6948999729938805,25.578799948561937,0.0418000272475183
470,1,93.48819851875305,22.210300026927143,2.6760000037029386,24.886300030630082,0.0315000070258975
471,1,94.18114423751831,23.248200013767928,2.9755000141449273,26.223700027912855,0.035299977753311396
472,1,93.06036233901978,23.752400011289865,3.20320000173524,26.955600013025105,0.03389996709302068
473,1,92.6232099533081,23.209799954202026,3.0329000437632203,26.242699997965246,0.031100003980100155
474,1,89.2773449420929,22.407200012821704,2.6753999991342425,25.082600011955947,0.02719997428357601
475,1,94.34945583343506,23.900299973320216,2.9762000194750726,26.87649999279529,0.027799978852272034
476,1,93.98075938224792,23.8346999976784,2.69210000988096,26.52680000755936,0.040300015825778246
477,1,93.68520379066467,24.36179999494925,2.98250000923872,27.34430000418797,0.03479997394606471
478,1,99.43339824676514,22.451400000136346,2.9003999661654234,25.35179996630177,0.04810001701116562
479,1,97.23970890045166,22.155399958137423,2.606399997603148,24.76179995574057,0.029199989512562752
480,1,69.52584385871887,22.057000023778528,2.681099984329194,24.738100008107722,0.002400018274784088
481,1,48.98816645145416,21.91589999711141,2.584200003184378,24.500100000295788,0.002500019036233425
482,0,89.89905118942261,23.801599978469312,3.1290999613702297,26.930699939839542,0.03920000744983554
483,0,99.65962767601013,23.31770001910627,2.802699978929013,26.120399998035282,0.035299977753311396
484,0,99.82454776763916,21.936299977824092,2.5387999485246837,24.475099926348776,0.027699978090822697
485,0,99.8824417591095,23.81969999987632,3.3020999981090426,27.121799997985363,0.033999967854470015
486,0,99.9118983745575,21.832500002346933,2.617000020109117,24.44950002245605,0.029099988751113415
487,0,99.9118983745575,23.61550001660362,2.520599984563887,26.136100001167506,0.050799979362636805
488,0,99.86388087272644,22.125400020740926,2.7969999937340617,24.922400014474988,0.03749999450519681
489,0,99.95562434196472,21.59020002000034,2.9983000131323934,24.588500033132732,0.03270001616328955
490,0,99.9041736125946,22.15589996194467,2.856199978850782,25.01209994079545,0.033699965570122004
491,0,99.91543292999268,23.553400009404868,3.388799959793687,26.942199969198555,0.03860000288113952
492,0,99.98409748077393,22.406700009014457,3.4784000017680228,25.88510001078248,0.040700018871575594
493,0,99.9809205532074,24.09540000371635,3.4685999853536487,27.56399998907,0.039000005926936865
494,1,75.8886992931366,23.485400015488267,3.1552999862469733,26.64070000173524,0.004799978341907263
495,1,68.80403161048889,22.557699994649738,2.819799992721528,25.377499987371266,0.002700020559132099
496,1,88.96874189376831,22.37799996510148,2.473000029567629,24.85099999466911,0.02619996666908264
504,0,99.79850053787231,38.98129996377975,2.550699980929494,41.53199994470924,0.003200024366378784
505,0,99.8725950717926,21.796799963340163,3.062099975068122,24.858899938408285,0.005299982149153948
506,0,99.62565898895264,24.268099979963154,4.156099981628358,28.424199961591512,0.005799985956400633
507,0,94.57510113716125,22.236999997403473,2.973099995870143,25.210099993273616,0.004099973011761904
508,0,94.75019574165344,23.223199998028576,2.537399996072054,25.76059999410063,0.003400025889277458
509,0,99.75464940071106,22.119199973531067,2.5493999710306525,24.66859994456172,0.003500026650726795
510,0,99.12511706352234,24.12230003392324,3.3764999825507402,27.49880001647398,0.036999990697950125
511,0,99.5415210723877,23.14409997779876,2.4615000002086163,25.605599978007376,0.026800029445439577
512,0,99.50529932975769,23.632599972188473,3.0075000249780715,26.640099997166544,0.03650004509836435
513,1,99.37159419059753,22.737399965990335,2.8418999863788486,25.579299952369183,0.03320001997053623
514,1,95.46312093734741,22.95610000146553,2.743299992289394,25.699399993754923,0.03029999788850546
515,1,97.01043963432312,23.38289999170229,2.5878999731503427,25.97079996485263,0.025800021830946207
516,1,97.88997769355774,23.49520003190264,2.72759998915717,26.22280002105981,0.03589998232200742
517,1,98.22313189506531,23.60059996135533,2.9064000118523836,26.506999973207712,0.03370002377778292
518,1,98.3105480670929,22.705000010319054,3.125099989119917,25.83009999943897,0.04850002005696297
519,1,97.75057435035706,22.888800012879074,2.829000004567206,25.71780001744628,0.02859998494386673
520,1,97.67400622367859,22.954300045967102,2.5693000061437488,25.52360005211085,0.03709999145939946
521,1,98.01878929138184,23.699400015175343,3.3838999806903303,27.083299995865673,0.034400029107928276
522,1,98.15667867660522,23.260299989487976,2.885499969124794,26.14579995861277,0.02870004391297698
523,1,98.1421947479248,22.32759998878464,3.3153999829664826,25.642999971751124,0.031200004741549492
524,1,97.95145988464355,22.461399959865957,2.643899992108345,25.105299951974303,0.02900004619732499
525,1,98.46510887145996,22.5501999957487,2.810099977068603,25.3602999728173,0.03170000854879618
526,1,97.90202975273132,22.613000008277595,2.8845000197179615,25.497500027995557,0.029499991796910763
527,1,98.07907342910767,23.946799978148192,2.8806999907828867,26.82749996893108,0.03609998384490609
528,1,98.13085198402405,22.546700027305633,3.066200006287545,25.612900033593178,0.033800024539232254
529,1,98.8761842250824,22.069099999498576,2.5716000236570835,24.64070002315566,0.02700003096833825
530,1,99.17049407958984,22.17229997040704,2.7439999976195395,24.91629996802658,0.027399975806474686
531,1,99.11549091339111,23.073600023053586,3.023400029633194,26.09700005268678,0.036299985367804766
532,1,98.97425770759583,23.36490002926439,2.948799985460937,26.313700014725327,0.036699988413602114
533,1,54.478663206100464,22.516500030178577,3.1700999825261533,25.68660001270473,0.003400025889277458
534,0,92.44799613952637,22.858600015752017,2.985999977681786,25.844599993433803,0.03659998765215278
535,0,91.85647368431091,22.68200000980869,3.167600021697581,25.84960003150627,0.03239995567128062
536,0,97.09634780883789,23.195000016130507,2.862200024537742,26.05720004066825,0.043899985030293465
537,0,97.954261302948,23.271099955309182,2.6673999964259565,25.93849995173514,0.03339996328577399
538,0,97.1989631652832,22.90280000306666,2.652499999385327,25.555300002451986,0.028499984182417393
539,0,99.2013156414032,23.08209997136146,2.849399985279888,25.931499956641346,0.04499999340623617
540,0,93.83635520935059,22.37219997914508,3.200399980414659,25.57259995955974,0.04610000178217888
541,0,89.28213119506836,21.627400012221187,2.5017999578267336,24.12919997004792,0.02619996666908264
542,0,95.03381252288818,23.318500025197864,2.9357000021263957,26.25420002732426,0.03029999788850546
543,0,94.22135353088379,23.61389994621277,2.7945999754592776,26.408499921672046,0.030199997127056122
544,0,94.09019947052002,21.552399965003133,2.7895999955944717,24.341999960597605,0.03320001997053623
545,0,93.22196245193481,22.608299972489476,3.049399994779378,25.657699967268854,0.03660004585981369
546,0,94.42119002342224,23.4941000235267,2.999700023792684,26.493800047319382,0.031200004741549492
547,0,95.67230343818665,22.584900027140975,2.923299965914339,25.508199993055314,0.03460003063082695
548,0,92.90305376052856,21.814600040670484,2.8557999758049846,24.67040001647547,0.029199989512562752
549,0,92.7828311920166,22.35419995849952,2.7237999602220953,25.077999918721616,0.02659996971487999
550,0,95.55861353874207,22.929900034796447,3.1716999947093427,26.10160002950579,0.039300008211284876
551,0,95.9380030632019,22.4373999517411,2.8995999600738287,25.336999911814928,0.030800001695752144
552,0,95.52389979362488,24.350499967113137,3.0065999599173665,27.357099927030504,0.030499999411404133
553,0,97.12325930595398,23.313299985602498,2.650999987963587,25.964299973566085,0.026900030206888914
554,0,99.92218017578125,22.817299992311746,2.575599995907396,25.392899988219142,0.026899971999228
555,0,99.36043620109558,21.94990002317354,2.708100015297532,24.658000038471073,0.03359996480867267
556,0,99.27698969841003,22.44060003431514,2.5437999865971506,24.98440002091229,0.027800037059932947
557,0,99.38474297523499,23.09400000376627,2.9331999830901623,26.02719998685643,0.030499999411404133
563,0,96.78944945335388,38.375600008293986,2.2976999753154814,40.67329998360947,0.003700028173625469
564,0,99.13356304168701,21.40299999155104,2.437999995891005,23.840999987442046,0.003300025127828121
565,0,99.23650026321411,22.334199980832636,2.7780000236816704,25.112200004514307,0.003400025889277458
566,0,99.46081638336182,21.984800056088716,2.6895999908447266,24.674400046933442,0.003400025889277458
567,0,99.73044395446777,23.920900013763458,2.9753000126220286,26.896200026385486,0.0038999714888632298
568,0,96.33654952049255,23.195300018414855,3.0947999912314117,26.290100009646267,0.0035999692045152187
569,0,78.27257513999939,22.269200009759516,2.6233000098727643,24.89250001963228,0.0027999631129205227
570,0,87.54907846450806,21.716999995987862,2.8387000202201307,24.555700016207993,0.02829998265951872
571,0,82.07964897155762,22.129499993752688,2.446700003929436,24.576199997682124,0.03139994805678725
572,0,90.9193754196167,22.661499970126897,3.6395000061020255,26.300999976228923,0.032100011594593525
573,0,89.77161645889282,23.349200026132166,2.9864999814890325,26.3357000076212,0.032400013878941536
574,1,99.39917922019958,22.341899981256574,2.631799958180636,24.97369993943721,0.028600043151527643
575,1,99.61552023887634,23.049499955959618,2.7042999863624573,25.753799942322075,0.030499999411404133
576,1,99.8231828212738,22.53209997434169,2.7375000063329935,25.269599980674684,0.028699985705316067
577,1,99.80576634407043,23.705200001131743,3.0532999662682414,26.758499967399985,0.03419996937736869
578,2,99.01238083839417,24.280900019221008,2.9144000145606697,27.195300033781677,0.04140002420172095
579,2,99.18923377990723,22.49990002019331,2.4705000105313957,24.970400030724704,0.026900030206888914
580,2,99.3673324584961,23.104900028556585,2.9574999934993684,26.062400022055954,0.05299999611452222
581,2,99.47538375854492,23.258700035512447,3.2993999775499105,26.558100013062358,0.039000005926936865
582,2,99.14771914482117,21.84920001309365,2.953800023533404,24.803000036627054,0.030499999411404133
583,0,93.73378157615662,22.55440002772957,3.2407999970018864,25.795200024731457,0.03530003596097231
584,0,99.53374862670898,23.95490003982559,4.298599960748106,28.253500000573695,0.04919996717944741
585,0,99.82853531837463,30.822600005194545,6.139000004623085,36.96160000981763,0.056500022765249014
586,0,99.87362027168274,23.498900001868606,3.046999976504594,26.5458999783732,0.029399991035461426
587,0,99.88362193107605,22.190999996382743,3.0189999961294234,25.209999992512167,0.03190001007169485
588,0,99.83131885528564,22.251599992159754,2.737100003287196,24.98869999544695,0.0274000340141356
589,0,99.785977602005,21.650999959092587,3.056200046557933,24.70720000565052,0.04769995575770736
590,0,99.785977602005,21.614700031932443,3.6197000299580395,25.234400061890483,0.03479997394606471
591,0,99.76612329483032,20.762800006195903,2.862699970137328,23.62549997633323,0.03029999788850546
592,0,99.7984528541565,20.402399997692555,2.527899981942028,22.930299979634583,0.029099988751113415
593,0,99.78159666061401,21.39160002116114,3.099100023973733,24.490700045134872,0.032800016924738884
594,0,99.86408352851868,21.550500008743256,3.1334999948740005,24.684000003617257,0.02929999027401209
595,0,99.80269074440002,21.581400011200458,2.94550001854077,24.526900029741228,0.03390002530068159
596,0,99.83415603637695,23.535699991043657,2.803599985782057,26.339299976825714,0.03130000550299883
597,0,99.93385672569275,22.39579998422414,3.0197000014595687,25.41549998568371,0.03330002073198557
598,0,99.1276741027832,22.26090000476688,2.864300040528178,25.12520004529506,0.03319996176287532
599,0,99.9230146408081,23.655799974221736,2.650399983394891,26.306199957616627,0.025800021830946207
600,4,96.98379039764404,22.931199986487627,2.6953000342473388,25.626500020734966,0.02659996971487999
601,4,98.79350662231445,23.22289999574423,3.2544999849051237,26.477399980649352,0.03470003139227629
602,4,98.63135814666748,23.5798999783583,3.0584000051021576,26.638299983460456,0.04499999340623617
604,0,98.82609248161316,47.524699999485165,3.0990999657660723,50.62379996525124,0.004199973773211241
605,0,99.55148100852966,23.13520002644509,3.139899985399097,26.275100011844188,0.004199973773211241
606,0,86.61200404167175,22.595099988393486,2.7763000107370317,25.371399999130517,0.015199999324977398
607,0,99.87812638282776,22.185000008903444,2.4983000475913286,24.683300056494772,0.0032999669201672077
608,0,99.6288537979126,22.47429999988526,3.0875999946147203,25.56189999449998,0.006099988240748644
609,0,98.80891442298889,24.242299958132207,3.1302999705076218,27.37259992863983,0.0039000296965241432
610,0,78.32266688346863,21.90859999973327,2.7532000094652176,24.661800009198487,0.0033999676816165447
611,0,91.75662398338318,22.85809995373711,2.8918000170961022,25.749899970833212,0.04880002234131098
612,0,76.37248635292053,21.86249999795109,2.7433999930508435,24.605899991001934,0.002600019797682762
613,0,74.31462407112122,22.018799965735525,2.8768000192940235,24.89559998502955,0.00400003045797348
614,0,82.45604634284973,22.5380000192672,2.8179000364616513,25.355900055728853,0.02819998189806938
615,0,99.4612455368042,22.796400007791817,3.0619000317528844,25.8583000395447,0.03029999788850546
616,0,97.6235032081604,21.704699960537255,2.647999965120107,24.35269992565736,0.02929999027401209
617,1,99.81163740158081,21.861799992620945,2.971900044940412,24.833700037561357,0.033400021493434906
618,1,99.67882633209229,21.874900034163147,2.912399999331683,24.78730003349483,0.03349996404722333
619,1,99.70014691352844,23.284099996089935,3.440000000409782,26.724099996499717,0.04210002953186631
620,1,99.83482360839844,22.64759998070076,3.413699974771589,26.06129995547235,0.03549997927621007
621,2,98.74849915504456,22.99149997998029,2.841199981048703,25.832699961028993,0.03330002073198557
622,2,98.87495040893555,23.936100013088435,3.1146000255830586,27.050700038671494,0.03450002986937761
623,2,98.97039532661438,22.828199958894402,2.845599956344813,25.673799915239215,0.029800052288919687
624,2,98.99294972419739,21.528799959924072,2.6106000295840204,24.139399989508092,0.029199989512562752
625,2,98.9756166934967,22.302199969999492,2.4391000042669475,24.74129997426644,0.02729997504502535
626,2,98.76431226730347,23.324000008869916,3.1378999701701105,26.461899979040027,0.03649998689070344
627,2,98.87933135032654,23.099100042600185,2.786099968943745,25.88520001154393,0.034699973184615374
628,2,98.87568354606628,22.647199977654964,3.485499997623265,26.13269997527823,0.048200017772614956
629,2,98.80639910697937,23.588099982589483,3.513100033160299,27.101200015749782,0.046799948904663324
630,2,98.75383377075195,23.362700012512505,2.7349000447429717,26.097600057255477,0.027100031729787588
631,2,98.96536469459534,22.256000025663525,2.5369999930262566,24.79300001868978,0.026799971237778664
632,2,98.99235367774963,22.214600001461804,2.779900038149208,24.99450003961101,0.03130000550299883
633,2,98.98749589920044,22.32500002719462,2.784400014206767,25.109400041401386,0.030099996365606785
634,2,99.0214467048645,23.522800009232014,4.038200015202165,27.56100002443418,0.043899985030293465
635,2,98.53361248970032,23.54000002378598,3.105799958575517,26.645799982361495,0.03190001007169485
636,1,92.00778007507324,23.763899982441217,3.2623999868519604,27.026299969293177,0.032100011594593525
637,1,57.89002180099487,22.7057000156492,2.8246999718248844,25.530399987474084,0.004299974534660578
638,0,99.33360815048218,22.77829998638481,2.5207000435329974,25.299000029917806,0.028399983420968056
639,0,99.38340187072754,23.53370003402233,2.957100048661232,26.490800082683563,0.03289995947852731
640,0,99.29734468460083,22.116800013463944,2.8176999767310917,24.934499990195036,0.03220001235604286
641,0,98.97639751434326,23.97239999845624,3.2275000121444464,27.199900010600686,0.03409996861591935
642,0,97.78525829315186,21.729000029154122,2.717799972742796,24.446800001896918,0.029999995604157448
643,0,96.23161554336548,21.944599982816726,2.6429000427015126,24.58750002551824,0.029900053050369024
644,0,98.78431558609009,22.848099994007498,3.485299996100366,26.333399990107864,0.04980002995580435
645,0,84.4089686870575,22.774500015657395,2.915099961683154,25.68959997734055,0.028500042390078306
646,0,90.33312797546387,22.935800021514297,3.102599992416799,26.038400013931096,0.04800001624971628
647,0,79.99736666679382,23.00609997473657,2.5983000523410738,25.604400027077645,0.0029999646358191967
648,0,80.67522048950195,21.86849998543039,2.656599972397089,24.52509995782748,0.026899971999228
649,0,72.08563685417175,23.697600001469254,2.7799999807029963,26.47759998217225,0.003200024366378784
650,0,84.94541645050049,24.670900020282716,3.0672999564558268,27.738199976738542,0.031400006264448166
651,0,75.11863112449646,22.685499978251755,3.029500017873943,25.714999996125698,0.003500026650726795
652,0,71.10750079154968,23.226599965710193,2.7701000217348337,25.996699987445027,0.002700020559132099
653,0,66.89573526382446,22.971900005359203,3.0190999968908727,25.991000002250075,0.002700020559132099
654,0,80.68376779556274,22.82850001938641,2.8608000138774514,25.689300033263862,0.029999995604157448
655,0,79.36332821846008,23.19320000242442,2.9126000008545816,26.105800003279,0.003300025127828121
656,0,99.96224641799927,23.05540000088513,2.741500036790967,25.796900037676096,0.02629996743053198
657,0,99.78458881378174,22.262300015427172,2.752700005657971,25.015000021085143,0.03409996861591935
658,0,99.87654685974121,22.890099964570254,3.1614999752491713,26.051599939819425,0.030099996365606785
659,0,99.97262358665466,23.003600013908,2.9362000059336424,25.93980001984164,0.028099981136620045
666,0,99.76667165756226,40.24299996672198,2.881399996113032,43.124399962835014,0.003700028173625469
667,0,99.9543309211731,22.159599990118295,3.0018999823369086,25.161499972455204,0.00589998671784997
668,0,99.93497729301453,22.411800047848374,2.6171000208705664,25.02890006871894,0.003100023604929447
669,0,99.97884631156921,23.04639999056235,3.17949999589473,26.22589998645708,0.003200024366378784
670,0,99.96552467346191,22.351899999193847,3.165600006468594,25.51750000566244,0.004199973773211241
671,0,99.70356225967407,22.362800023984164,2.488600031938404,24.851400055922568,0.0034999684430658817
672,0,99.64710474014282,23.946500034071505,3.0870999908074737,27.03360002487898,0.027999980375170708
673,0,99.78285431861877,22.40909996908158,3.2968000159598887,25.70589998504147,0.030700000934302807
674,0,99.95242357254028,22.150599979795516,3.2614999799989164,25.412099959794432,0.05659996531903744
675,0,99.88669157028198,22.962800052482635,3.1618999782949686,26.124700030777603,0.04079996142536402
676,0,99.85747337341309,23.175700043793768,3.2965000136755407,26.47220005746931,0.05189998773857951
677,0,99.84196424484253,22.00599998468533,2.697399992030114,24.703399976715446,0.028600043151527643
678,0,99.87702965736389,23.66539998911321,2.839699969626963,26.505099958740175,0.03200001083314419
679,0,99.76869821548462,21.91569999558851,2.794100029859692,24.709800025448203,0.028799986466765404
680,0,99.77889060974121,23.553699953481555,3.119500004686415,26.67319995816797,0.03200001083314419
681,0,99.89553689956665,21.717700001318008,2.726699982304126,24.444399983622134,0.030499999411404133
682,0,99.78671073913574,23.32609996665269,3.0420999974012375,26.36819996405393,0.03519997699186206
683,0,99.76611137390137,24.065899953711778,3.729599993675947,27.795499947387725,0.03630004357546568
684,0,99.76063966751099,22.784800035879016,3.1790999928489327,25.96390002872795,0.035999983083456755
685,1,95.98989486694336,21.993800008203834,2.6500000385567546,24.64380004676059,0.03530003596097231
686,1,97.67961502075195,23.86859996477142,2.6780000189319253,26.546599983703345,0.03360002301633358
687,3,92.75009632110596,23.5252000275068,3.1037000007927418,26.62890002829954,0.03550003748387098
688,3,54.55448031425476,23.109000001568347,3.174200013745576,26.283200015313923,0.003999972250312567
689,3,67.9876983165741,22.87569997133687,2.9181999852880836,25.793899956624955,0.002800021320581436
690,3,69.01978254318237,22.06859999569133,2.7895999955944717,24.8581999912858,0.002600019797682762
691,3,94.20666694641113,23.206799989566207,2.795599983073771,26.002399972639978,0.03029999788850546
692,3,95.70133686065674,22.34389999648556,2.8814999968744814,25.225399993360043,0.04339998122304678
693,3,97.05726504325867,23.426399973686785,3.016200033016503,26.442600006703287,0.026499968953430653
694,3,97.95910120010376,22.648499987553805,2.5750999921001494,25.223599979653955,0.030499999411404133
695,3,96.50896787643433,25.266599957831204,3.171499993186444,28.438099951017648,0.03659998765215278
696,3,98.23552966117859,22.213999996893108,3.47729999339208,25.691299990285188,0.04880002234131098
697,3,98.10563921928406,22.528100002091378,3.2559999963268638,25.78409999841824,0.03589998232200742
698,3,96.77323698997498,22.56780001334846,2.6977999950759113,25.26560000842437,0.029099988751113415
699,3,98.06010723114014,22.091300052125007,2.612299984320998,24.703600036446005,0.030699942726641893
700,3,97.08101153373718,22.59720000438392,2.8711999766528606,25.468399981036782,0.029399991035461426
701,3,96.90809845924377,22.21209998242557,2.538300002925098,24.75039998535067,0.03220001235604286
702,3,97.10338711738586,22.40349998464808,2.958299999590963,25.361799984239042,0.037699996028095484
703,3,97.34443426132202,23.821700015105307,3.0471000354737043,26.86880005057901,0.03390002530068159
704,3,97.5279152393341,23.879699991084635,2.7289999998174608,26.608699990902096,0.029100046958774328
705,3,97.31536507606506,23.321599990595132,2.7471999637782574,26.06879995437339,0.03950000973418355
706,3,96.93305492401123,21.932600007858127,2.487199963070452,24.41979997092858,0.02640002639964223
707,3,57.008934020996094,23.48480001091957,2.579699968919158,26.06449997983873,0.002800021320581436
708,3,69.08718943595886,21.89810003619641,2.740600029937923,24.638700066134334,0.0033999676816165447
709,3,52.06757187843323,23.66850001271814,3.350999963004142,27.019499975722283,0.0035999692045152187
710,3,53.67425084114075,22.61379995616153,2.490699989721179,25.104499945882708,0.002600019797682762
711,1,91.84485673904419,23.309800017159432,3.0362000106833875,26.34600002784282,0.03090000245720148
712,1,99.55059289932251,23.71300000231713,2.9898000066168606,26.70280000893399,0.033100019209086895
713,1,90.65532088279724,24.53809999860823,2.739400020800531,27.277500019408762,0.029699993319809437
714,1,90.05206227302551,24.41970002837479,3.2676999690011144,27.687399997375906,0.06980000762268901
715,0,59.04473662376404,23.074899974744767,2.9562999843619764,26.031199959106743,0.003600027412176132
716,0,87.87345886230469,23.890500015113503,2.8938999748788774,26.78439998999238,0.02870004391297698
717,1,55.16880750656128,22.738499974366277,2.874600002542138,25.613099976908416,0.002400018274784088
718,0,79.7642171382904,22.29200000874698,2.8052999987266958,25.097300007473677,0.005099980626255274
719,0,61.43810153007507,22.465100046247244,2.4435999803245068,24.90870002657175,0.002200016751885414
720,0,65.10666012763977,24.140399997122586,2.983100013807416,27.12350001093,0.004299974534660578
721,0,96.79692387580872,22.974299965426326,3.1235000351443887,26.097800000570714,0.028999987989664078
726,0,99.65225458145142,39.25690002506599,2.9758000164292753,42.232700041495264,0.005300040356814861
728,0,99.94847774505615,47.77830000966787,2.8765000170096755,50.65480002667755,0.0036999699659645557
729,0,99.99669790267944,23.8717999891378,3.5529000451788306,27.42470003431663,0.005999987479299307
730,0,99.86316561698914,22.19869999680668,3.004099999088794,25.202799995895475,0.004799978341907263
731,0,91.59734845161438,22.4624999682419,2.4563000188209116,24.918799987062812,0.0031999661587178707
732,0,98.05318713188171,23.370400012936443,2.648600027896464,26.019000040832907,0.004699977580457926
733,0,77.12298035621643,22.411299985833466,2.717200026381761,25.128500012215227,0.0034999684430658817
734,0,74.3643581867218,23.632699972949922,4.514100030064583,28.146800003014505,0.004700035788118839
735,0,76.95537805557251,23.39029998984188,3.3130000228993595,26.703300012741238,0.0038999714888632298
736,0,79.03991341590881,22.60460000252351,2.7342999819666147,25.338899984490126,0.002900022082030773
737,0,83.87411832809448,21.934500022325665,2.455200010444969,24.389700032770634,0.025499961338937283
738,0,90.74698090553284,23.623500019311905,2.7410999755375087,26.364599994849414,0.02570002106949687
739,0,92.50233769416809,22.24469999782741,2.836700004991144,25.081400002818555,0.03560003824532032
740,0,90.66706895828247,24.744900001678616,3.2688999781385064,28.013799979817122,0.03330002073198557
741,0,73.9513635635376,23.696499993093312,2.556400024332106,26.252900017425418,0.0028999638743698597
742,3,78.29256057739258,21.87459997367114,2.7860000263899565,24.660600000061095,0.0027999631129205227
743,1,63.75222206115723,23.402899969369173,2.6165000163018703,26.019399985671043,0.00400003045797348
744,1,48.4797477722168,22.538600023835897,2.5864000199362636,25.12500004377216,0.003500026650726795
745,3,60.974299907684326,24.5427000336349,3.1490999972447753,27.691800030879676,0.003400025889277458
746,3,97.78463840484619,21.60769997863099,2.634700038470328,24.242400017101318,0.028699985705316067
747,2,50.873154401779175,23.312800040002912,2.6944000273942947,26.007200067397207,0.0029999646358191967
748,3,54.5146644115448,23.845299961976707,2.801200025714934,26.64649998769164,0.0031999661587178707
749,2,55.33813834190369,23.786499979905784,3.041999996639788,26.828499976545572,0.003999972250312567
750,3,54.86176609992981,21.817400003783405,2.5166000123135746,24.33400001609698,0.0030999653972685337
751,3,57.67326354980469,22.808799985796213,2.6789000257849693,25.487700011581182,0.0026999623514711857
752,3,60.07634997367859,22.042399970814586,2.7615000144578516,24.803899985272437,0.0038999714888632298
753,3,52.01079845428467,23.202799959108233,2.8948000399395823,26.097599999047816,0.0036999699659645557
754,3,54.398536682128906,22.610099986195564,2.652499999385327,25.26259998558089,0.002600019797682762
755,3,54.41116690635681,23.454699956346303,2.522099995985627,25.97679995233193,0.003600027412176132
756,3,49.5123028755188,23.55760004138574,2.410000015515834,25.967600056901574,0.002600019797682762
757,3,54.842960834503174,22.989800025243312,2.8169999714009464,25.80679999664426,0.003100023604929447
758,3,53.95035743713379,22.743200010154396,2.8806999907828867,25.623900000937283,0.002800021320581436
759,3,55.89345097541809,23.477899958379567,3.0359000083990395,26.513799966778606,0.006499991286545992
760,3,56.728577613830566,23.385999957099557,2.8725999873131514,26.25859994441271,0.0048999791033566
761,3,64.221853017807,22.818999947048724,2.8480999753810465,25.66709992242977,0.003200024366378784
762,3,66.13567471504211,21.943700034171343,2.5828999932855368,24.52660002745688,0.002600019797682762
763,3,48.71227741241455,22.914999979548156,3.1234000343829393,26.038400013931096,0.0030999653972685337
764,3,50.33301115036011,23.340200015809387,3.8847000105306506,27.224900026340038,0.0031999661587178707
765,3,56.10417723655701,22.078000009059906,2.8093999717384577,24.887399980798364,0.002700020559132099
766,3,71.70498967170715,22.598500014282763,3.08630004292354,25.684800057206303,0.0026999623514711857
767,3,76.20090842247009,23.30250001978129,2.9064000118523836,26.208900031633675,0.0029999646358191967
768,3,89.20191526412964,22.46379997814074,2.513999992515892,24.977799970656633,0.02559996210038662
769,3,92.15158820152283,22.789700014982373,2.8562999796122313,25.645999994594604,0.026899971999228
770,3,91.65061712265015,23.041299951728433,2.9004999669268727,25.941799918655306,0.04229997284710407
771,3,82.4748694896698,22.16320001753047,2.588599978480488,24.75179999601096,0.03130000550299883
772,3,77.80978083610535,23.54560000821948,3.097800014074892,26.643400022294372,0.003200024366378784
773,3,86.05486154556274,21.897000027820468,2.5813999818637967,24.478400009684265,0.02900004619732499
774,3,82.0122480392456,22.69070001784712,2.7747999993152916,25.465500017162412,0.032400013878941536
775,3,82.33785033226013,22.321500000543892,2.915100019890815,25.236600020434707,0.043599982745945454
776,3,83.6290955543518,22.41830003913492,2.749999985098839,25.16830002423376,0.027799978852272034
777,3,84.29946899414062,22.780900006182492,3.14990000333637,25.93080000951886,0.040300015825778246
778,3,90.85843563079834,23.427399981301278,2.8661999967880547,26.293599978089333,0.03749999450519681
779,3,85.62883138656616,22.477799968328327,2.8087000246159732,25.2864999929443,0.034800032153725624
780,3,85.12882590293884,22.927600017283112,3.1722999992780387,26.09990001656115,0.04199997056275606
781,3,54.38716411590576,22.599300020374358,3.2368999673053622,25.83619998767972,0.003300025127828121
782,3,75.28270483016968,23.63180002430454,2.9404000379145145,26.572200062219054,0.0030999653972685337
783,3,76.27590298652649,22.14860002277419,2.9560999828390777,25.104700005613267,0.0032999669201672077
784,3,73.85752201080322,22.89959997870028,2.8019999735988677,25.701599952299148,0.002500019036233425
785,3,73.66732358932495,22.568400017917156,2.547200012486428,25.115600030403584,0.002800021320581436
786,3,73.85752201080322,22.05820003291592,2.4506000336259604,24.50880006654188,0.0036999699659645557
787,2,36.88928782939911,23.540299967862666,2.610799972899258,26.151099940761924,0.002500019036233425
788,1,95.95926403999329,22.187499969732016,2.794700034428388,24.982200004160404,0.03190001007169485
789,1,96.25446200370789,22.287100029643625,2.5803999742493033,24.86750000389293,0.03489997470751405
790,1,96.97039127349854,22.40020001772791,2.6931000174954534,25.093300035223365,0.026999972760677338
791,1,97.03434109687805,23.613999946974218,2.7979000005871058,26.411899947561324,0.029499991796910763
792,1,78.00418138504028,22.357100038789213,2.814200008288026,25.17130004707724,0.003100023604929447
793,0,82.49533176422119,22.501699975691736,2.8350999928079545,25.33679996849969,0.030700000934302807
794,0,92.38631129264832,21.79749996867031,2.610399969853461,24.40789993852377,0.029699993319809437
795,0,86.91434860229492,23.46699999179691,2.5942999636754394,26.06129995547235,0.02819998189806938
796,0,89.60545063018799,22.804300009738654,2.774900000076741,25.579200009815395,0.027399975806474686
797,0,95.26517987251282,22.93339994503185,2.940499980468303,25.873899925500154,0.03190001007169485
798,0,99.07195568084717,23.678399971686304,2.710700035095215,26.38910000678152,0.03679998917505145
799,0,98.11868667602539,23.153599991928786,2.7717999764718115,25.925399968400598,0.02889998722821474
800,0,98.85532855987549,22.741499997209758,3.002599987667054,25.74409998487681,0.03890000516548753
801,0,98.65830540657043,21.914899989496917,2.703600039239973,24.61850002873689,0.030700000934302807
802,0,99.9707281589508,22.706599964294583,2.6346000377088785,25.34120000200346,0.03750005271285772
803,0,99.99219179153442,23.532999970484525,2.833399979863316,26.36639995034784,0.04210002953186631
804,0,99.99043941497803,23.95750000141561,2.7543000178411603,26.71180001925677,0.030499999411404133
805,0,99.98893737792969,23.34840002004057,3.255199990235269,26.60360001027584,0.03749999450519681
806,0,99.85124468803406,22.12470001541078,2.8388999635353684,24.96359997894615,0.028100039344280958
807,0,98.19945693016052,23.260499991010875,2.7178999735042453,25.97839996451512,0.031100003980100155
808,0,97.71189093589783,21.685299987439066,2.72320001386106,24.408500001300126,0.029399991035461426
809,0,81.07354044914246,21.736899972893298,2.5576999760232866,24.294599948916584,0.026900030206888914
810,0,98.3948290348053,21.961400052532554,3.050500003155321,25.011900055687875,0.06220000796020031
811,0,98.88767600059509,23.105400032363832,3.2583000138401985,26.36370004620403,0.03689998993650079
812,0,97.00446128845215,22.569599968846887,3.0781999812461436,25.64779995009303,0.03390002530068159
813,0,98.28624129295349,22.96470000874251,2.5597999920137227,25.524500000756234,0.028200040105730295
814,0,99.3720293045044,23.323700006585568,2.782600000500679,26.106300007086247,0.027799978852272034
815,0,99.19776916503906,22.378900030162185,2.6070000021718442,24.98590003233403,0.027099973522126675
816,0,97.51343727111816,23.66539998911321,2.7038000407628715,26.369200029876083,0.049200025387108326
817,0,99.2968738079071,23.412899987306446,2.673099981620908,26.085999968927354,0.04060001811012626
818,0,98.8286554813385,22.59160001995042,2.8886000509373844,25.480200070887804,0.03320001997053623
819,0,99.48634505271912,21.886700007598847,2.752700005657971,24.639400013256818,0.030200055334717035
820,0,99.5790421962738,21.79139998042956,3.0001000268384814,24.79150000726804,0.03709999145939946
821,0,99.74393844604492,22.303299978375435,2.9086999711580575,25.211999949533492,0.036299985367804766
822,0,99.64866638183594,23.881300003267825,3.006699960678816,26.88799996394664,0.03850000211969018
823,0,96.6568112373352,21.895700017921627,2.6413999730721116,24.537099990993738,0.02729997504502535
824,0,99.11282062530518,22.461500018835068,3.027800004929304,25.489300023764372,0.04280003486201167
825,0,98.98959398269653,23.16630003042519,3.111199999693781,26.277500030118972,0.03850000211969018
826,0,98.73961806297302,22.80770003562793,2.6932000182569027,25.500900053884834,0.026899971999228
827,0,97.19803929328918,22.494499979075044,2.853000012692064,25.34749999176711,0.03850000211969018
828,0,99.30309653282166,23.658899997826666,2.9080999665893614,26.566999964416027,0.028999987989664078
829,0,99.00976419448853,21.966699976474047,2.731200016569346,24.697899993043393,0.03250001464039087
830,0,99.27809834480286,23.56630004942417,3.2432000152766705,26.809500064700842,0.03220001235604286
831,0,99.17884469032288,23.8287000101991,2.5492000277154148,26.377900037914515,0.028699985705316067
832,3,90.07741808891296,24.046000035014004,3.002300043590367,27.04830007860437,0.04480005009099841
833,4,98.58174920082092,23.873900005128235,2.803299983497709,26.677199988625944,0.04239997360855341
834,4,98.54604601860046,24.065200006589293,2.9178999830037355,26.98309998959303,0.0315000070258975
835,4,97.48227596282959,22.469100018497556,3.070299979299307,25.539399997796863,0.028499984182417393
836,4,96.60855531692505,23.267600045073777,3.063600044697523,26.3312000897713,0.03139994805678725
837,4,86.60714030265808,22.22540002549067,3.085399977862835,25.310800003353506,0.038300000596791506
838,4,88.81300687789917,22.5693000247702,3.5328000085428357,26.102100033313036,0.031100003980100155
839,4,76.44815444946289,23.086900007911026,2.9373999568633735,26.0242999647744,0.004500034265220165
840,4,91.36781692504883,29.110799951013178,3.649100020993501,32.75989997200668,0.05809997674077749
841,4,82.25628733634949,26.894599955994636,2.5401999591849744,29.43479991517961,0.026600027922540903
842,4,92.64052510261536,22.952500032261014,3.0089999781921506,25.961500010453165,0.035299977753311396
843,4,86.32766604423523,22.219299979042262,2.5698000099509954,24.789099988993257,0.026500027161091566
844,4,91.70140624046326,23.157200019340962,2.6443999959155917,25.801600015256554,0.026999972760677338
845,4,91.86487793922424,23.99610000429675,2.876400016248226,26.872500020544976,0.037699996028095484
846,4,91.87560081481934,23.71469995705411,3.123299975413829,26.837999932467937,0.036999990697950125
847,4,82.73422122001648,22.71040005143732,2.8968999977223575,25.607300049159676,0.040000013541430235
848,3,94.16570663452148,22.720800014212728,2.6741999899968505,25.395000004209578,0.03319996176287532
849,3,96.19947671890259,22.526699991431087,2.863100031390786,25.389800022821873,0.045199994929134846
850,3,96.21210098266602,23.252899991348386,2.8785999747924507,26.131499966140836,0.030199997127056122
851,3,95.36375403404236,23.270800011232495,2.848599979188293,26.11939999042079,0.03809999907389283
852,1,88.43594789505005,23.179400013759732,2.7082000160589814,25.887600029818714,0.027799978852272034
853,0,98.24044108390808,22.475200006738305,2.892899967264384,25.36809997400269,0.03300001844763756
854,0,99.57026839256287,23.21249997476116,2.7614000136964023,25.97389998845756,0.033800024539232254
855,0,99.81570839881897,21.891300042625517,2.5338000268675387,24.425100069493055,0.03659998765215278
856,0,99.89144802093506,22.26699999300763,2.646300010383129,24.91330000339076,0.032800016924738884
857,0,99.91137385368347,22.061399999074638,2.6414000312797725,24.70280003035441,0.031299947295337915
858,0,99.76097345352173,22.68499997444451,2.7489999774843454,25.433999951928854,0.0371999922208488
859,0,99.82598423957825,23.158499971032143,2.4523999891243875,25.61089996015653,0.025300018023699522
860,0,99.80744123458862,23.412699985783547,2.651599992532283,26.06429997831583,0.028100039344280958
861,0,99.68411922454834,23.044399975333363,3.396500018425286,26.44089999375865,0.0391000066883862
862,0,99.77800250053406,23.40050000930205,3.1839999719522893,26.58449998125434,0.032100011594593525
863,0,99.82709884643555,22.146700008306652,2.4557000142522156,24.602400022558868,0.026100024115294218
864,0,99.877268075943,21.805700031109154,2.6005000108852983,24.406200041994452,0.0342000275850296
865,0,99.85839128494263,23.28480000142008,3.206100023817271,26.49090002523735,0.03760005347430706
866,0,99.8598039150238,23.054399993270636,2.7023000293411314,25.756700022611767,0.03409996861591935
867,0,99.73703622817993,24.11729999585077,3.0287999543361366,27.14609995018691,0.03260001540184021
868,0,99.74201917648315,22.231900016777217,2.808300021570176,25.040200038347393,0.028500042390078306
869,0,99.8198926448822,23.196199967060238,2.7792000328190625,25.9753999998793,0.033800024539232254
870,0,99.74512457847595,22.311099979560822,2.86389997927472,25.174999958835542,0.0467000063508749
871,0,99.44055080413818,22.67920004669577,2.6428999844938517,25.32210003118962,0.028099981136620045
872,1,56.88725709915161,23.161599994637072,3.2426000107079744,26.404200005345047,0.0032999669201672077
873,4,99.77501034736633,23.426300031132996,2.578300016466528,26.004600047599524,0.02859998494386673
874,4,98.80611896514893,23.627399990800768,2.840899978764355,26.468299969565123,0.030499999411404133
875,4,98.30836057662964,23.401400016155094,2.431499946396798,25.832899962551892,0.02729997504502535
876,4,98.52573275566101,23.869500029832125,2.71279999287799,26.582300022710115,0.029099988751113415
877,4,96.05177640914917,23.27760000480339,3.701800014823675,26.979400019627064,0.029499991796910763
878,4,95.62034010887146,24.54879996366799,2.9260999872349203,27.47489995090291,0.040700018871575594
879,4,97.08964228630066,23.875100014265627,2.786200027912855,26.661300042178482,0.030399998649954796
880,4,97.34749794006348,23.44189997529611,2.9552000341936946,26.397100009489805,0.042600033339113
881,4,97.51864075660706,24.365699966438115,2.6579999830573797,27.023699949495494,0.032100011594593525
882,4,98.23704957962036,22.472800046671182,2.576800005044788,25.04960005171597,0.03400002606213093
883,4,98.38396906852722,22.347699967212975,2.798900008201599,25.146599975414574,0.025500019546598196
884,4,98.25538992881775,23.400900012347847,2.4775999481789768,25.878499960526824,0.02529995981603861
885,4,98.12425374984741,23.18850002484396,3.4051999682560563,26.593699993100017,0.048900023102760315
886,4,98.19075465202332,23.382999992463738,3.071499988436699,26.454499980900437,0.02800003858283162
887,4,94.74170804023743,21.892599994316697,2.7084999601356685,24.601099954452366,0.03950000973418355
888,4,96.83836698532104,23.7780999741517,2.83279997529462,26.61089994944632,0.03350002225488424
889,4,97.9850709438324,23.292800004128367,2.5442999904043972,25.837099994532764,0.02719997428357601
890,4,98.2056975364685,23.11160002136603,3.1642999965697527,26.275900017935783,0.05400000372901559
891,4,98.12251925468445,22.900799987837672,2.972999995108694,25.873799982946366,0.036800047382712364
892,3,84.76060628890991,22.931499988771975,2.7669999981299043,25.69849998690188,0.02929999027401209
893,1,68.66518259048462,21.897200029343367,2.5596999912522733,24.45690002059564,0.00300002284348011
894,1,49.09558296203613,23.08770001400262,3.0430000042542815,26.130700018256903,0.004800036549568176
895,0,76.27390027046204,22.942000010516495,2.542699978221208,25.484699988737702,0.002700020559132099
896,0,96.92855477333069,23.328299983404577,2.6241999585181475,25.952499941922724,0.029499991796910763
897,0,97.05703854560852,23.720900004263967,2.8785000322386622,26.59940003650263,0.029399991035461426
898,0,99.80341792106628,23.85250001680106,3.086899989284575,26.939400006085634,0.03339996328577399
899,0,99.75876808166504,22.217900026589632,2.4912000517360866,24.70910007832572,0.026899971999228
900,0,99.8724639415741,22.210400027688593,2.568199997767806,24.7786000254564,0.03359996480867267
901,0,99.81593489646912,23.77219998743385,2.8104999801144004,26.58269996754825,0.031000003218650818
902,0,99.81768131256104,23.59029999934137,2.6785999652929604,26.26889996463433,0.031200004741549492
903,0,99.7158408164978,23.190500040072948,2.8646999853663146,26.055200025439262,0.029399991035461426
904,0,99.50209856033325,22.61659997748211,2.6126999873667955,25.229299964848906,0.027699978090822697
905,0,99.56662654876709,22.839399985969067,2.612499985843897,25.451899971812963,0.027500034775584936
906,0,99.5265245437622,23.13390001654625,3.1350000062957406,26.26890002284199,0.029499991796910763
907,0,99.61259961128235,22.21039996948093,3.0562999891117215,25.266699958592653,0.05730002885684371
908,0,99.71545934677124,22.23740000044927,2.7182999765500426,24.955699976999313,0.03190001007169485
909,0,99.72339272499084,23.52059999248013,2.5892999838106334,26.109899976290762,0.03819999983534217
910,0,99.67716336250305,21.971400012262166,3.103199996985495,25.07460000924766,0.0475000124424696
911,0,99.53546524047852,22.28500001365319,3.1519000185653567,25.436900032218546,0.03550003748387098
912,0,99.5923638343811,22.31869997922331,3.225599997676909,25.54429997690022,0.03589998232200742
913,0,99.70165491104126,22.05990004586056,2.6768000097945333,24.736700055655092,0.0295999925583601
914,0,99.75318908691406,22.27869996568188,3.329399973154068,25.60809993883595,0.04700000863522291
915,0,99.73981380462646,23.319800035096705,2.7030999772250652,26.02290001232177,0.031100003980100155
916,0,99.73894953727722,24.12929997080937,3.3671000273898244,27.496399998199195,0.055500015150755644
917,0,99.54906105995178,22.226599976420403,2.446700003929436,24.67329998034984,0.027300033252686262
918,4,68.37434768676758,21.84940001461655,2.5271999766118824,24.37659999122843,0.003500026650726795
919,4,72.89852499961853,23.187900020275265,2.873099991120398,26.061000011395663,0.003800028935074806
920,0,53.155577182769775,22.162399953231215,2.8867999790236354,25.04919993225485,0.005700043402612209
921,4,46.3364452123642,23.457200033590198,3.092799976002425,26.550000009592623,0.00300002284348011
922,4,99.90407824516296,24.842299986630678,2.659899997524917,27.502199984155595,0.028399983420968056
923,4,99.09844398498535,22.49950001714751,2.698299998883158,25.19780001603067,0.032100011594593525
924,4,99.02342557907104,23.068899987265468,2.5313000078313053,25.600199995096773,0.026500027161091566
925,4,98.99910688400269,23.162800003774464,3.14990000333637,26.312700007110834,0.0342000275850296
926,4,98.70625138282776,21.93059999262914,2.8007999644614756,24.731399957090616,0.031000003218650818
927,4,99.1678774356842,23.859200009610504,2.8492999845184386,26.708499994128942,0.031200004741549492
928,4,98.33284616470337,23.805499949958175,2.6541000115685165,26.459599961526692,0.028699985705316067
929,4,98.65865707397461,22.024500009138137,2.585700014606118,24.610200023744255,0.027800037059932947
930,4,98.3805000782013,23.887300048954785,2.855300030205399,26.742600079160184,0.062000006437301636
931,4,98.45421314239502,23.62839999841526,2.6775000151246786,26.30590001353994,0.04310003714635968
932,4,97.94819951057434,22.251899994444102,2.715500013437122,24.967400007881224,0.03819999983534217
933,4,98.11367392539978,22.020399977918714,3.0479999841190875,25.0683999620378,0.03509997623041272
934,4,98.0413019657135,23.03740003844723,3.459500032477081,26.496900070924312,0.02659996971487999
935,4,98.06859493255615,23.46140000736341,2.9953999910503626,26.45679999841377,0.03590004052966833
936,4,98.06859493255615,24.026800005231053,3.072399995289743,27.099200000520796,0.030499999411404133
937,4,91.15772247314453,23.42869999120012,2.8916000155732036,26.320300006773323,0.04379998426884413
938,1,77.38159894943237,23.599800013471395,3.046999976504594,26.64679998997599,0.003400025889277458
939,0,72.19306230545044,22.906599973794073,2.809499972499907,25.71609994629398,0.0030999653972685337
940,0,81.63657784461975,22.735700011253357,2.7525000041350722,25.48820001538843,0.055100012104958296
941,0,92.51331686973572,23.62859999993816,2.939400030300021,26.56800003023818,0.03260001540184021
942,0,64.21805024147034,23.47300003748387,2.9779999749734998,26.45100001245737,0.003500026650726795
943,0,98.74793887138367,22.79030001955107,3.008499974384904,25.798799993935972,0.035100034438073635
944,0,99.64655637741089,23.74849998159334,2.6626000180840492,26.41109999967739,0.0315000070258975
945,0,98.22251200675964,22.192200005520135,2.801600028760731,24.993800034280866,0.033100019209086895
946,0,97.95347452163696,23.71330000460148,2.985099970828742,26.69839997543022,0.03689998993650079
947,0,99.19372797012329,22.12909999070689,2.7969999937340617,24.926099984440953,0.03560003824532032
948,0,99.1850197315216,23.1651000212878,2.643000043462962,25.80810006475076,0.02789997961372137
949,0,98.37791323661804,23.268999997526407,2.944700012449175,26.213700009975582,0.032100011594593525
950,0,98.44796061515808,21.74720005132258,2.6593999937176704,24.40660004504025,0.030999945010989904
951,0,98.70058298110962,22.98250002786517,2.8534000157378614,25.835900043603033,0.031200004741549492
952,0,98.44234585762024,22.34109997516498,2.9067000141367316,25.24779998930171,0.03189995186403394
953,0,99.1233766078949,22.11450005415827,2.814500010572374,24.929000064730644,0.031200004741549492
954,0,98.5919713973999,23.36789999390021,2.9473999748006463,26.315299968700856,0.03220001235604286
955,0,98.78899455070496,22.72040001116693,3.0048000044189394,25.72520001558587,0.03659998765215278
956,0,98.9850401878357,22.55170000717044,2.654600015375763,25.206300022546202,0.02659996971487999
957,0,99.84568357467651,23.17710005445406,2.504900039639324,25.682000094093382,0.026999972760677338
958,4,98.87418150901794,23.24499998940155,2.836100000422448,26.081099989823997,0.025200017262250185
959,4,98.73349666595459,23.07910000672564,2.9696000274270773,26.048700034152716,0.03489997470751405
960,4,80.60570359230042,22.414000006392598,2.852399949915707,25.266399956308305,0.028799986466765404
961,4,99.11121726036072,22.28309999918565,2.978299977257848,25.2613999764435,0.03130000550299883
962,4,99.4403064250946,21.60470001399517,3.1426000059582293,24.7473000199534,0.035699980799108744
963,4,98.00029993057251,24.106799974106252,2.8637999785132706,26.970599952619523,0.0315000070258975
964,4,98.35546612739563,22.011300025042146,2.8516000020317733,24.86290002707392,0.036299985367804766
965,4,98.42956066131592,21.924100001342595,3.0255000456236303,24.949600046966225,0.028900045435875654
966,4,98.58632683753967,23.36320001631975,2.7828000020235777,26.14600001834333,0.0295999925583601
967,4,97.83398509025574,24.384999996982515,3.227400011382997,27.612400008365512,0.03250001464039087
968,4,98.27550053596497,22.219999984372407,2.6147000025957823,24.83469998696819,0.026100024115294218
969,4,97.90128469467163,22.67719997325912,2.641000028233975,25.318200001493096,0.031200004741549492
970,4,98.46549034118652,22.961400041822344,2.8457000153139234,25.807100057136267,0.03190001007169485
971,4,98.32513332366943,22.63439999660477,2.474100037943572,25.108500034548342,0.026799971237778664
972,4,97.87019491195679,22.097499982919544,2.521199989132583,24.618699972052127,0.02670002868399024
973,4,98.58285188674927,22.744899964891374,2.994100039359182,25.739000004250556,0.02659996971487999
974,4,97.71903157234192,23.24499998940155,3.0952999950386584,26.340299984440207,0.033800024539232254
975,4,96.36233448982239,22.057699970901012,2.673699986189604,24.731399957090616,0.03519997699186206
976,0,84.79081392288208,21.710300003178418,3.183599968906492,24.89389997208491,0.03940000897273421
977,0,68.72979402542114,21.612799959257245,2.591600001323968,24.204399960581213,0.003800028935074806
978,0,92.53804683685303,22.76940003503114,3.0307999695651233,25.800200004596263,0.032100011594593525
979,0,99.98719692230225,23.209800012409687,2.6579999830573797,25.867799995467067,0.026800029445439577
980,0,99.97653365135193,22.98249996965751,3.0154999694786966,25.997999939136207,0.03419996937736869
981,0,99.99088048934937,22.563800041098148,2.9802999924868345,25.544100033584982,0.02989999484270811
982,0,99.98193383216858,23.322199995163828,2.7497000410221517,26.07190003618598,0.026699970476329327
983,0,99.98944997787476,24.004700011573732,3.3118000137619674,27.3165000253357,0.035100034438073635
984,0,99.99312162399292,23.19460001308471,3.539400000590831,26.73400001367554,0.04349998198449612
985,0,99.98817443847656,24.314199981745332,2.9290999518707395,27.243299933616072,0.030499999411404133
986,0,99.98482465744019,22.309499967377633,2.9055000049993396,25.214999972376972,0.03370002377778292
987,0,99.97795224189758,24.250400019809604,2.8149999561719596,27.065399975981563,0.042300031054764986
988,0,99.97079968452454,22.907999984454364,3.015300026163459,25.923300010617822,0.028699985705316067
989,0,99.9729335308075,23.97809998365119,2.8454999555833638,26.823599939234555,0.033800024539232254
990,0,99.9800980091095,23.1084999977611,3.9760999497957528,27.084599947556853,0.03709999145939946
991,0,99.95836615562439,22.57659996394068,3.246900043450296,25.823500007390976,0.03890000516548753
992,0,99.97145533561707,22.509800037369132,3.1146000255830586,25.62440006295219,0.038300000596791506
993,0,99.95442032814026,38.36130001582205,2.811899990774691,41.173200006596744,0.02670002868399024
994,0,99.94389414787292,22.92459999443963,2.7345999842509627,25.659199978690594,0.028699985705316067
995,0,99.94507431983948,22.245899948757142,2.6255000266246498,24.87139997538179,0.03940000897273421
996,0,99.9529480934143,23.86879996629432,2.9314999701455235,26.800299936439842,0.030800001695752144
997,0,99.94567036628723,22.036799986381084,2.5046999799087644,24.541499966289848,0.04040001658722758
998,0,99.95076656341553,22.977699991315603,2.6901999954134226,25.667899986729026,0.027900037821382284
999,0,99.95625615119934,23.465899983420968,2.5523999938741326,26.0182999772951,0.02640002639964223
1000,0,99.94403719902039,22.39880000706762,2.486800018232316,24.885600025299937,0.03060000017285347
1001,0,99.9369204044342,23.016199993435293,2.9312000260688365,25.94740001950413,0.030399998649954796
1002,0,99.97389912605286,22.56760001182556,2.574100042693317,25.14170005451888,0.030499999411404133
1003,0,99.93568062782288,21.84479997958988,3.177400038111955,25.022200017701834,0.0439999857917428
1004,0,99.93020296096802,22.31899998150766,2.836400002706796,25.155399984214455,0.030700000934302807
1005,0,99.94997978210449,22.171100019477308,2.8105999808758497,24.981700000353158,0.029199989512562752
1006,0,99.94858503341675,22.633799992036074,3.0091999797150493,25.642999971751124,0.03200001083314419
1007,0,99.93394017219543,23.910899995826185,2.7182999765500426,26.629199972376227,0.031000003218650818
1008,0,99.92457628250122,22.284300008323044,2.500700007658452,24.785000015981495,0.02659996971487999
1009,0,99.89339709281921,21.87999995658174,2.848900039680302,24.728899996262044,0.032299954909831285
1010,0,99.94528889656067,22.420199995394796,2.651599992532283,25.07179998792708,0.030800001695752144
1011,0,99.94599223136902,22.601100034080446,3.3156999852508307,25.916800019331276,0.03600004129111767
1012,0,99.92502331733704,23.06890004547313,2.766299992799759,25.835200038272887,0.037299992982298136
1013,0,99.93433356285095,23.410099965985864,3.089300007559359,26.499399973545223,0.03190001007169485
1014,0,99.94844198226929,23.123999999370426,2.975700015667826,26.099700015038252,0.030399998649954796
1015,0,99.94767308235168,23.281599977053702,2.732599969021976,26.014199946075678,0.02670002868399024
1016,0,99.91487264633179,22.972700011450797,3.133399994112551,26.10610000556335,0.03370002377778292
1017,0,99.95152950286865,23.09680002508685,2.905600005760789,26.00240003084764,0.03659998765215278
1018,0,99.95859265327454,24.170599994249642,2.6233000098727643,26.793900004122406,0.030800001695752144
1019,0,99.95728135108948,22.851700021419674,2.967500011436641,25.819200032856315,0.0391000066883862
1020,0,99.94912147521973,23.459399992134422,3.004099999088794,26.463499991223216,0.0315000070258975
1021,0,99.93454813957214,21.83439995860681,2.834399987477809,24.66879994608462,0.033100019209086895
1022,0,99.94596838951111,23.889100004453212,2.9897000058554113,26.878800010308623,0.03980001201853156
1023,0,99.93122816085815,24.079599999822676,3.3090999932028353,27.38869999302551,0.050499977078288794
1024,0,99.93464350700378,22.168299998156726,2.724100020714104,24.89240001887083,0.02859998494386673
1025,0,99.88526105880737,22.286800027359277,2.8554999735206366,25.142300000879914,0.029799994081258774
1026,0,99.8953104019165,23.423100006766617,2.8989000129513443,26.32200001971796,0.0344999716617167
1027,0,99.93392825126648,22.6803999976255,2.7324000257067382,25.412800023332238,0.03539997851476073
1028,0,99.87475872039795,22.638200025539845,2.523300005123019,25.161500030662864,0.026600027922540903
1029,0,99.9058187007904,23.639400023967028,2.7592999977059662,26.398700021672994,0.03619998460635543
1030,0,99.94418025016785,22.88649999536574,2.81949999043718,25.70599998580292,0.027200032491236925
1031,0,99.8781144618988,22.110199963208288,3.064699994865805,25.174899958074093,0.03950000973418355
1032,0,99.83776807785034,23.355000012088567,2.735799993388355,26.090800005476922,0.03060000017285347
1033,0,99.89907145500183,23.99910002714023,2.8927000239491463,26.891800051089376,0.02989999484270811
1034,0,99.88518953323364,22.85070001380518,2.972999995108694,25.823700008913875,0.04069996066391468
1035,0,99.85291957855225,24.017499992623925,2.9966000001877546,27.01409999281168,0.03649998689070344
1036,0,99.87653493881226,23.42109999153763,2.958199998829514,26.379299990367144,0.03379996633157134
1037,0,99.8913049697876,23.276299994904548,3.0941000441089272,26.370400039013475,0.029499991796910763
1038,0,99.79579448699951,23.678800032939762,2.856900042388588,26.53570007532835,0.0342000275850296
1039,0,99.77889060974121,22.65800000168383,2.6804000372067094,25.33840003889054,0.02889998722821474
1040,0,99.81929659843445,22.3200999898836,2.701900026295334,25.022000016178936,0.03029999788850546
1041,0,99.76351261138916,22.910600004252046,3.42260004254058,26.333200046792626,0.03689998993650079
1042,0,99.86816048622131,23.34829996107146,3.1529999687336385,26.5012999298051,0.047900015488266945
1043,0,99.78018403053284,23.339100007433444,2.5932000135071576,25.932300020940602,0.05770003190264106
1044,0,99.73216652870178,22.010200016666204,2.6974999927915633,24.707700009457767,0.031000003218650818
1045,0,99.82853531837463,24.656099965795875,2.88320000981912,27.539299975614995,0.031000003218650818
1046,0,99.83774423599243,23.281499976292253,2.660700003616512,25.942199979908764,0.032100011594593525
1047,0,99.86569881439209,23.579199973028153,2.9810999985784292,26.560299971606582,0.03270001616328955
1048,0,99.8877227306366,22.311799984890968,2.799800015054643,25.11159999994561,0.03459997242316604
1049,0,99.8270034790039,22.27580000180751,2.8809999930672348,25.156799994874746,0.03759999526664615
1050,0,99.76267218589783,23.59729999443516,2.861600019969046,26.458900014404207,0.03160000778734684
1051,0,99.83773231506348,23.226600023917854,3.1390999793075025,26.365700003225356,0.036100042052567005
1052,0,99.84399676322937,22.98870001686737,3.068300022277981,26.05700003914535,0.029999995604157448
1053,0,99.78558421134949,24.085599987301975,3.1881999457255006,27.273799933027476,0.03250001464039087
1054,0,99.85213875770569,23.068400041665882,3.1697999802418053,26.238200021907687,0.03029999788850546
1055,0,99.85828399658203,22.791900031734258,2.931100025307387,25.723000057041645,0.03029999788850546
1056,0,99.85430240631104,22.511899995151907,3.181200008839369,25.693100003991276,0.03379996633157134
1057,0,99.76300001144409,25.91749996645376,3.190700022969395,29.108199989423156,0.033699965570122004
1058,0,99.85091090202332,23.71889998903498,3.1792999943718314,26.898199983406812,0.032400013878941536
1059,0,99.85091090202332,24.24950001295656,3.763000015169382,28.01250002812594,0.031999952625483274
1060,0,99.64648485183716,23.319599975366145,2.778499969281256,26.0980999446474,0.028799986466765404
1061,0,99.59717392921448,24.008399981539696,3.4132000291720033,27.4216000107117,0.03579998156055808
1062,0,99.87176656723022,24.136399966664612,2.559900050982833,26.696300017647445,0.02870004391297698
1063,0,99.88210797309875,25.639800005592406,2.885799971409142,28.525599977001548,0.02989999484270811
1064,0,99.87107515335083,23.24920002138242,3.4850999945774674,26.73430001595989,0.04050001734867692
1065,0,99.87571239471436,23.500700015574694,2.8375000110827386,26.338200026657432,0.028499984182417393
1066,0,99.8159110546112,23.434199974872172,3.50389996310696,26.938099937979132,0.03789999755099416
1067,0,99.81176853179932,23.032299999613315,2.8652999899350107,25.897599989548326,0.03119994653388858
1068,0,99.80694651603699,25.09240002837032,2.7458000113256276,27.83820003969595,0.027500034775584936
1069,0,99.68480467796326,23.367399990092963,3.4263000125065446,26.793700002599508,0.034400029107928276
1070,0,99.69922304153442,22.980600013397634,3.0386000289581716,26.019200042355806,0.03689998993650079
1071,0,99.7628390789032,23.61080003902316,2.8048999956808984,26.41570003470406,0.03550003748387098
1072,0,99.75401163101196,23.40360003290698,3.6361999809741974,27.039800013881177,0.0363999861292541
1073,0,99.8236894607544,24.15149996522814,2.8141000075265765,26.965599972754717,0.02859998494386673
1074,0,99.8236894607544,23.76479998929426,3.4738999675028026,27.238699956797063,0.03459997242316604
1075,0,99.76876974105835,23.050299962051213,3.131499979645014,26.181799941696227,0.04199997056275606
1076,0,99.75979924201965,22.53369998652488,3.0159999732859433,25.549699959810823,0.03789999755099416
1077,0,99.86695051193237,23.646100016776472,2.986399980727583,26.632499997504056,0.030800001695752144
1078,0,99.85654950141907,24.014500027988106,3.408100048545748,27.422600076533854,0.03559998003765941
1079,0,99.8705506324768,21.75760001409799,3.0985999619588256,24.856199976056814,0.03509997623041272
1080,0,99.81014132499695,21.86580002307892,2.569400006905198,24.435200029984117,0.026499968953430653
1081,0,99.81866478919983,23.655699973460287,2.8099000337533653,26.465600007213652,0.031100003980100155
1082,0,99.78858828544617,22.683100018184632,3.1263999990187585,25.80950001720339,0.04770001396536827
1083,0,99.89525079727173,23.51329999510199,3.064699994865805,26.577999989967793,0.03439997090026736
1084,0,99.7917115688324,22.37819996662438,2.558500040322542,24.93670000694692,0.02889998722821474
1085,0,99.76658821105957,23.214399989228696,3.226800006814301,26.441199996042997,0.04079996142536402
1086,0,99.79603290557861,22.34689996112138,2.9876999906264246,25.334599951747805,0.05089998012408614
1087,0,99.77127313613892,22.165199974551797,3.2294000266119838,25.39460000116378,0.03679998917505145
1088,0,99.82825517654419,22.411699988879263,3.282100020442158,25.69380000932142,0.029399991035461426
1089,0,99.88704323768616,23.33359996555373,3.223300038371235,26.556900003924966,0.03220001235604286
