ensayo,condicion,clase_esperada,mano_detectada,clase_predicha,confianza,comando_emitido
1,normal,0,1,0,99.8553216457367,-1
1,normal,0,1,0,99.93256330490112,-1
1,normal,0,1,0,99.23517107963562,-1
1,normal,0,1,0,99.81532692909241,-1
1,normal,0,1,0,98.62388968467712,-1
1,normal,0,1,0,99.61190223693848,-1
1,normal,0,1,0,99.12698268890381,-1
1,normal,0,1,0,99.27924871444702,-1
1,normal,0,1,0,99.59726929664612,-1
1,normal,0,1,0,99.23127293586731,-1
1,normal,0,1,0,98.75324368476868,-1
1,normal,0,1,0,98.83126616477966,-1
1,normal,0,1,0,98.6615538597107,-1
1,normal,0,1,0,98.85596632957458,-1
1,normal,0,1,0,98.70235919952393,-1
1,normal,0,1,0,98.82414937019348,-1
1,normal,0,1,0,99.46687817573547,-1
1,normal,0,1,0,97.39382266998291,-1
1,normal,0,1,0,99.00984168052673,-1
1,normal,0,1,0,99.26595091819763,-1
1,normal,0,1,0,99.35393929481506,-1
1,normal,0,1,0,99.5261549949646,-1
1,normal,0,1,0,99.55868721008301,-1
1,normal,0,1,0,99.61346387863159,-1
1,normal,0,1,0,99.73529577255249,-1
1,normal,0,1,0,99.81374740600586,-1
1,normal,0,1,0,99.79239702224731,-1
1,normal,0,1,0,99.64196681976318,-1
1,normal,0,1,0,99.71170425415039,-1
1,normal,0,1,0,99.73112344741821,-1
1,normal,0,1,0,99.68804121017456,-1
1,normal,0,1,0,99.79897737503052,-1
1,normal,0,1,0,99.76081848144531,-1
1,normal,0,1,0,99.90109205245972,-1
1,normal,0,1,0,99.95606541633606,-1
1,normal,0,1,0,99.92444515228271,-1
1,normal,0,1,0,99.91649389266968,-1
1,normal,0,1,0,99.93249177932739,-1
1,normal,0,1,0,99.91349577903748,-1
1,normal,0,1,0,99.91310238838196,-1
1,normal,0,1,0,99.77974891662598,-1
1,normal,0,1,0,99.86746311187744,-1
1,normal,0,1,0,99.9077558517456,-1
1,normal,0,1,0,99.65225458145142,-1
1,normal,0,1,0,99.91074204444885,-1
1,normal,0,1,0,99.71455931663513,-1
1,normal,0,1,0,99.93131160736084,-1
1,normal,0,1,0,99.83181953430176,-1
1,normal,0,1,0,99.89364743232727,-1
1,normal,0,1,0,99.8688280582428,-1
1,normal,0,1,0,99.81890320777893,-1
1,normal,0,1,0,99.82728958129883,-1
1,normal,0,1,0,99.7978150844574,-1
1,normal,0,1,0,99.89216327667236,-1
1,normal,0,1,0,99.88667964935303,-1
1,normal,0,1,0,99.85814094543457,-1
1,normal,0,1,0,99.91739392280579,-1
1,normal,0,1,0,99.94298815727234,-1
1,normal,0,1,0,99.93606209754944,-1
1,normal,0,1,0,99.92907047271729,-1
1,normal,0,1,0,99.89282488822937,-1
1,normal,0,1,0,99.93534684181213,-1
1,normal,0,1,0,99.92688298225403,-1
1,normal,0,1,0,99.92721676826477,-1
1,normal,0,1,0,99.88435506820679,-1
1,normal,0,1,0,99.90476965904236,-1
1,normal,0,1,0,99.91773962974548,-1
1,normal,0,1,0,99.92614388465881,-1
1,normal,0,1,0,99.91927742958069,-1
1,normal,0,1,0,99.94506239891052,-1
1,normal,0,1,0,99.94133710861206,-1
1,normal,0,1,0,99.91683959960938,-1
1,normal,0,1,0,99.81920123100281,-1
1,normal,0,1,0,99.8468816280365,-1
1,normal,0,1,0,99.90899562835693,-1
1,normal,0,1,0,99.90836381912231,-1
1,normal,0,1,0,99.86749291419983,-1
1,normal,0,1,0,99.92234706878662,-1
1,normal,0,1,0,99.90755319595337,-1
1,normal,0,1,0,99.8861312866211,-1
1,normal,0,1,0,99.88738894462585,-1
1,normal,0,1,0,99.92111921310425,-1
1,normal,0,1,0,99.87629652023315,-1
1,normal,0,1,0,99.90984201431274,-1
1,normal,0,1,0,99.87990856170654,-1
1,normal,0,1,0,99.91077780723572,-1
2,normal,1,1,1,97.2926378250122,-1
2,normal,1,1,1,92.5671398639679,-1
2,normal,1,1,1,94.76945400238037,-1
2,normal,1,1,1,93.12110543251038,-1
2,normal,1,1,1,93.6538815498352,-1
2,normal,1,1,1,93.08988451957703,-1
2,normal,1,1,1,94.29337978363037,1
2,normal,1,1,1,93.57962012290955,-1
2,normal,1,1,1,93.46115589141846,-1
2,normal,1,1,1,93.73075366020203,-1
2,normal,1,1,1,93.54006052017212,-1
2,normal,1,1,1,93.2130753993988,-1
2,normal,1,1,1,93.2130753993988,-1
2,normal,1,1,1,92.02252626419067,-1
2,normal,1,1,1,92.50815510749817,-1
2,normal,1,1,1,91.20578169822693,-1
2,normal,1,1,1,92.16635823249817,-1
2,normal,1,1,1,90.9512460231781,-1
2,normal,1,1,1,90.97521305084229,-1
2,normal,1,1,1,91.40927195549011,-1
2,normal,1,1,1,91.75235629081726,-1
2,normal,1,1,1,91.72035455703735,-1
2,normal,1,1,1,92.22968220710754,-1
2,normal,1,1,1,91.9187605381012,-1
2,normal,1,1,1,90.37306904792786,-1
2,normal,1,1,1,90.56586623191833,-1
2,normal,1,1,1,90.87786078453064,-1
2,normal,1,1,1,89.79477286338806,-1
2,normal,1,1,1,89.26692008972168,-1
2,normal,1,1,1,91.24248027801514,-1
2,normal,1,1,1,90.6049132347107,-1
2,normal,1,1,1,89.38857913017273,-1
2,normal,1,1,1,88.29187154769897,-1
2,normal,1,1,1,90.9203290939331,-1
2,normal,1,1,1,88.91880512237549,-1
2,normal,1,1,1,90.84259867668152,-1
2,normal,1,1,1,88.64230513572693,-1
2,normal,1,1,1,90.21104574203491,-1
2,normal,1,1,1,90.8604085445404,-1
2,normal,1,1,1,91.35028719902039,-1
2,normal,1,1,1,90.92402458190918,-1
2,normal,1,1,1,91.26177430152893,-1
2,normal,1,1,1,91.31951332092285,-1
2,normal,1,1,1,91.27776026725769,-1
2,normal,1,1,1,91.27776026725769,-1
2,normal,1,1,1,90.88085293769836,-1
2,normal,1,1,1,91.31401777267456,-1
2,normal,1,1,1,91.19905829429626,-1
2,normal,1,1,1,91.13125205039978,-1
2,normal,1,1,1,92.14968681335449,-1
2,normal,1,1,1,90.65675139427185,-1
2,normal,1,1,1,90.6559705734253,-1
2,normal,1,1,1,90.70039987564087,-1
2,normal,1,1,1,90.83543419837952,-1
2,normal,1,1,1,89.76695537567139,-1
2,normal,1,1,1,90.74036478996277,-1
2,normal,1,1,1,90.07053971290588,-1
2,normal,1,1,1,90.45642614364624,-1
2,normal,1,1,1,90.74036478996277,-1
2,normal,1,1,1,90.47456383705139,-1
2,normal,1,1,1,91.97030663490295,-1
2,normal,1,1,1,91.28848314285278,-1
2,normal,1,1,1,90.76159000396729,-1
2,normal,1,1,1,90.9186840057373,-1
2,normal,1,1,1,90.54974317550659,-1
2,normal,1,1,1,90.9201443195343,-1
2,normal,1,1,1,91.40924215316772,-1
2,normal,1,1,1,90.68717360496521,-1
2,normal,1,1,1,91.53077602386475,-1
2,normal,1,1,1,89.85404968261719,-1
2,normal,1,1,1,91.67178273200989,-1
2,normal,1,1,1,91.05775356292725,-1
2,normal,1,1,1,91.0010039806366,-1
2,normal,1,1,1,91.28015637397766,-1
2,normal,1,1,1,91.3289487361908,-1
2,normal,1,1,1,92.42437481880188,-1
2,normal,1,1,1,92.67647862434387,-1
2,normal,1,1,1,92.94960498809814,-1
2,normal,1,1,1,91.8871819972992,-1
2,normal,1,1,1,92.66665577888489,-1
2,normal,1,1,1,91.23035073280334,-1
2,normal,1,1,1,93.18498373031616,-1
2,normal,1,1,1,93.44077110290527,-1
2,normal,1,1,1,93.89007687568665,-1
2,normal,1,1,1,93.09471845626831,-1
2,normal,1,1,1,93.09471845626831,-1
2,normal,1,1,1,92.77831315994263,-1
2,normal,1,1,1,90.20046591758728,-1
2,normal,1,1,1,89.84816074371338,-1
3,normal,2,1,2,98.141348361969,-1
3,normal,2,1,2,96.80354595184326,-1
3,normal,2,1,2,97.6527214050293,-1
3,normal,2,1,2,97.26143479347229,-1
3,normal,2,1,2,97.28691577911377,-1
3,normal,2,1,2,97.8217601776123,-1
3,normal,2,1,2,97.30692505836487,2
3,normal,2,1,2,97.47535586357117,-1
3,normal,2,1,2,97.46809601783752,-1
3,normal,2,1,2,96.39161825180054,-1
3,normal,2,1,2,96.55364751815796,-1
3,normal,2,1,2,97.32049107551575,-1
3,normal,2,1,2,97.4073052406311,-1
3,normal,2,1,2,96.69665694236755,-1
3,normal,2,1,2,96.28077745437622,-1
3,normal,2,1,2,96.7366635799408,-1
3,normal,2,1,2,96.79769277572632,-1
3,normal,2,1,2,96.53317928314209,-1
3,normal,2,1,2,96.87419533729553,-1
3,normal,2,1,2,96.66556715965271,-1
3,normal,2,1,2,97.16811776161194,-1
3,normal,2,1,2,96.42753005027771,-1
3,normal,2,1,2,96.95138335227966,-1
3,normal,2,1,2,95.91974020004272,-1
3,normal,2,1,2,96.24935984611511,-1
3,normal,2,1,2,96.26051187515259,-1
3,normal,2,1,2,96.29157185554504,-1
3,normal,2,1,2,97.35370874404907,-1
3,normal,2,1,2,97.58962392807007,-1
3,normal,2,1,2,98.0792224407196,-1
3,normal,2,1,2,97.32922315597534,-1
3,normal,2,1,2,96.5829849243164,-1
3,normal,2,1,2,97.61106371879578,-1
3,normal,2,1,2,97.4609911441803,-1
3,normal,2,1,2,97.63815999031067,-1
3,normal,2,1,2,96.43339514732361,-1
3,normal,2,1,2,98.11968207359314,-1
3,normal,2,1,2,98.06532859802246,-1
3,normal,2,1,2,98.08903932571411,-1
3,normal,2,1,2,98.26754331588745,-1
3,normal,2,1,2,98.20370674133301,-1
3,normal,2,1,2,97.63879776000977,-1
3,normal,2,1,2,98.05861115455627,-1
3,normal,2,1,2,97.97077178955078,-1
3,normal,2,1,2,97.88938164710999,-1
3,normal,2,1,2,96.96539044380188,-1
3,normal,2,1,2,97.57399559020996,-1
3,normal,2,1,2,95.98918557167053,-1
3,normal,2,1,2,97.49484062194824,-1
3,normal,2,1,2,95.72190046310425,-1
3,normal,2,1,2,97.6228654384613,-1
3,normal,2,1,2,97.60642051696777,-1
3,normal,2,1,2,97.46564626693726,-1
3,normal,2,1,2,97.34299182891846,-1
3,normal,2,1,2,97.34299182891846,-1
3,normal,2,1,2,96.5339720249176,-1
3,normal,2,1,2,97.96765446662903,-1
3,normal,2,1,2,96.61532044410706,-1
3,normal,2,1,2,97.2080409526825,-1
3,normal,2,1,2,96.84571027755737,-1
3,normal,2,1,2,96.918386220932,-1
3,normal,2,1,2,96.63223028182983,-1
3,normal,2,1,2,96.86942100524902,-1
3,normal,2,1,2,95.79625725746155,-1
3,normal,2,1,2,96.54409289360046,-1
3,normal,2,1,2,96.93943858146667,-1
3,normal,2,1,2,96.94320559501648,-1
3,normal,2,1,2,96.73833847045898,-1
3,normal,2,1,2,96.83079719543457,-1
3,normal,2,1,2,96.73301577568054,-1
3,normal,2,1,2,96.75689339637756,-1
3,normal,2,1,2,96.29295468330383,-1
3,normal,2,1,2,96.70568704605103,-1
3,normal,2,1,2,96.60708904266357,-1
3,normal,2,1,2,97.19050526618958,-1
3,normal,2,1,2,97.02629446983337,-1
3,normal,2,1,2,97.02629446983337,-1
3,normal,2,1,2,96.87022566795349,-1
3,normal,2,1,2,97.35661149024963,-1
3,normal,2,1,2,97.13536500930786,-1
3,normal,2,1,2,97.13536500930786,-1
3,normal,2,1,2,97.26153612136841,-1
3,normal,2,1,2,97.1564769744873,-1
3,normal,2,1,2,96.52271866798401,-1
3,normal,2,1,2,96.70119285583496,-1
3,normal,2,1,2,96.70497179031372,-1
3,normal,2,1,2,97.36941456794739,-1
3,normal,2,1,2,96.70703411102295,-1
3,normal,2,1,2,97.29428291320801,-1
3,normal,2,1,2,97.38047122955322,-1
3,normal,2,1,2,97.18673825263977,-1
3,normal,2,1,2,96.66615724563599,-1
3,normal,2,1,2,96.55903577804565,-1
3,normal,2,1,2,97.21840620040894,-1
3,normal,2,1,2,97.06705808639526,-1
3,normal,2,1,2,96.85654640197754,-1
3,normal,2,1,2,96.91036939620972,-1
3,normal,2,1,2,96.70812487602234,-1
3,normal,2,1,2,97.1310019493103,-1
3,normal,2,1,2,96.48460745811462,-1
3,normal,2,1,2,96.38557434082031,-1
3,normal,2,1,2,96.84615731239319,-1
3,normal,2,1,2,96.81416749954224,-1
4,normal,3,1,3,98.1410264968872,-1
4,normal,3,1,3,99.12270903587341,-1
4,normal,3,1,3,98.63407611846924,-1
4,normal,3,1,3,97.78527021408081,-1
4,normal,3,1,3,99.28273558616638,-1
4,normal,3,1,3,98.28585386276245,-1
4,normal,3,1,3,98.85462522506714,3
4,normal,3,1,3,98.01180362701416,-1
4,normal,3,1,3,98.70139360427856,-1
4,normal,3,1,3,98.11059832572937,-1
4,normal,3,1,3,98.1106162071228,-1
4,normal,3,1,3,98.47885370254517,-1
4,normal,3,1,3,98.69698286056519,-1
4,normal,3,1,3,97.76100516319275,-1
4,normal,3,1,3,98.34330081939697,-1
4,normal,3,1,3,98.55384826660156,-1
4,normal,3,1,3,98.16679358482361,-1
4,normal,3,1,3,97.90709018707275,-1
4,normal,3,1,3,97.81801700592041,-1
4,normal,3,1,3,97.78593182563782,-1
4,normal,3,1,3,99.25206899642944,-1
4,normal,3,1,3,98.00636768341064,-1
4,normal,3,1,3,98.84800910949707,-1
4,normal,3,1,3,99.07864928245544,-1
4,normal,3,1,3,98.32841157913208,-1
4,normal,3,1,3,98.39747548103333,-1
4,normal,3,1,3,99.08535480499268,-1
4,normal,3,1,3,99.09645318984985,-1
4,normal,3,1,3,99.1709291934967,-1
4,normal,3,1,3,99.40038323402405,-1
4,normal,3,1,3,99.42228198051453,-1
4,normal,3,1,3,99.34437274932861,-1
4,normal,3,1,3,98.7561583518982,-1
4,normal,3,1,3,99.36134219169617,-1
4,normal,3,1,3,98.99827837944031,-1
4,normal,3,1,3,99.2108404636383,-1
4,normal,3,1,3,99.12294149398804,-1
4,normal,3,1,3,98.94639253616333,-1
4,normal,3,1,3,99.20799136161804,-1
4,normal,3,1,3,99.18212890625,-1
4,normal,3,1,3,99.12998080253601,-1
4,normal,3,1,3,99.11783337593079,-1
4,normal,3,1,3,99.12998080253601,-1
4,normal,3,1,3,99.27236437797546,-1
4,normal,3,1,3,99.12998080253601,-1
4,normal,3,1,3,99.11783337593079,-1
4,normal,3,1,3,99.13195967674255,-1
4,normal,3,1,3,99.27051663398743,-1
4,normal,3,1,3,99.03401732444763,-1
4,normal,3,1,3,99.18730854988098,-1
4,normal,3,1,3,99.16268587112427,-1
4,normal,3,1,3,99.30358529090881,-1
4,normal,3,1,3,99.12598729133606,-1
4,normal,3,1,3,99.09396171569824,-1
4,normal,3,1,3,99.02541041374207,-1
4,normal,3,1,3,98.51164221763611,-1
4,normal,3,1,3,99.23533797264099,-1
4,normal,3,1,3,98.8257348537445,-1
4,normal,3,1,3,99.24061894416809,-1
4,normal,3,1,3,98.75537157058716,-1
4,normal,3,1,3,99.07913208007812,-1
4,normal,3,1,3,99.11720156669617,-1
4,normal,3,1,3,98.86733889579773,-1
4,normal,3,1,3,98.74540567398071,-1
4,normal,3,1,3,99.33224320411682,-1
4,normal,3,1,3,98.68196249008179,-1
4,normal,3,1,3,98.95601272583008,-1
4,normal,3,1,3,98.97332787513733,-1
4,normal,3,1,3,98.75316023826599,-1
4,normal,3,1,3,98.89629483222961,-1
4,normal,3,1,3,98.88409972190857,-1
4,normal,3,1,3,98.81028532981873,-1
4,normal,3,1,3,99.33128952980042,-1
4,normal,3,1,3,98.90782237052917,-1
4,normal,3,1,3,99.30094480514526,-1
4,normal,3,1,3,99.07519817352295,-1
4,normal,3,1,3,99.35882091522217,-1
4,normal,3,1,3,99.45527911186218,-1
4,normal,3,1,3,99.4350016117096,-1
4,normal,3,1,3,99.44731593132019,-1
4,normal,3,1,3,99.47362542152405,-1
4,normal,3,1,3,99.31679368019104,-1
4,normal,3,1,3,99.4361162185669,-1
4,normal,3,1,3,99.35779571533203,-1
4,normal,3,1,3,99.58747029304504,-1
4,normal,3,1,3,99.437016248703,-1
4,normal,3,1,3,99.42464232444763,-1
4,normal,3,1,3,99.437016248703,-1
4,normal,3,1,3,99.42464232444763,-1
4,normal,3,1,3,99.41942095756531,-1
4,normal,3,1,3,99.41942095756531,-1
5,normal,4,1,4,80.29823303222656,-1
5,normal,4,1,4,64.68012928962708,-1
5,normal,4,1,4,87.65820264816284,-1
5,normal,4,1,4,82.5009286403656,-1
5,normal,4,1,4,84.01162624359131,-1
5,normal,4,1,4,87.55868673324585,-1
5,normal,4,1,4,89.90426063537598,4
5,normal,4,1,4,86.8440568447113,-1
5,normal,4,1,4,89.5247220993042,-1
5,normal,4,1,4,89.85170125961304,-1
5,normal,4,1,4,89.5247220993042,-1
5,normal,4,1,4,89.5247220993042,-1
5,normal,4,1,4,84.387868642807,-1
5,normal,4,1,4,84.69751477241516,-1
5,normal,4,1,4,84.69751477241516,-1
5,normal,4,1,4,83.85252952575684,-1
5,normal,4,1,4,86.40283942222595,-1
5,normal,4,1,4,78.90128493309021,-1
5,normal,4,1,4,74.09162521362305,-1
5,normal,4,1,4,84.44541096687317,-1
5,normal,4,1,4,85.54406762123108,-1
5,normal,4,1,4,80.96226453781128,-1
5,normal,4,1,4,85.19273400306702,-1
5,normal,4,1,4,88.59531283378601,-1
5,normal,4,1,4,85.34795641899109,-1
5,normal,4,1,4,79.46590185165405,-1
5,normal,4,1,4,79.0800929069519,-1
5,normal,4,1,4,78.30761075019836,-1
5,normal,4,1,4,75.82247853279114,-1
5,normal,4,1,4,75.89077353477478,-1
5,normal,4,1,4,72.39367365837097,-1
5,normal,4,1,4,77.12689638137817,-1
5,normal,4,1,4,76.16089582443237,-1
5,normal,4,1,4,67.38689541816711,-1
5,normal,4,1,4,63.966333866119385,-1
5,normal,4,1,4,73.65274429321289,-1
5,normal,4,1,4,73.83221387863159,-1
5,normal,4,1,4,73.83221387863159,-1
5,normal,4,1,4,72.38190770149231,-1
5,normal,4,1,4,61.489665508270264,-1
5,normal,4,1,4,77.17670798301697,-1
5,normal,4,1,4,78.37637662887573,-1
5,normal,4,1,4,80.53731918334961,-1
5,normal,4,1,4,70.51734328269958,-1
5,normal,4,1,4,69.89066004753113,-1
5,normal,4,1,4,79.49870824813843,-1
5,normal,4,1,4,79.49870824813843,-1
5,normal,4,1,4,87.73490786552429,-1
5,normal,4,1,4,90.54678082466125,-1
5,normal,4,1,4,78.67645025253296,-1
5,normal,4,1,4,81.25619292259216,-1
5,normal,4,1,4,80.52384853363037,-1
5,normal,4,1,4,79.15205955505371,-1
5,normal,4,1,4,78.9111852645874,-1
5,normal,4,1,4,71.80586457252502,-1
5,normal,4,1,4,71.80586457252502,-1
5,normal,4,1,4,70.82778811454773,-1
5,normal,4,1,4,70.82778811454773,-1
5,normal,4,1,4,70.82778811454773,-1
5,normal,4,1,4,71.30189538002014,-1
5,normal,4,1,4,69.6542739868164,-1
5,normal,4,1,4,68.79400610923767,-1
5,normal,4,1,4,69.4211483001709,-1
5,normal,4,1,4,69.4211483001709,-1
5,normal,4,1,4,69.4211483001709,-1
5,normal,4,1,4,72.07328677177429,-1
5,normal,4,1,4,73.1821358203888,-1
5,normal,4,1,4,76.7018735408783,-1
5,normal,4,1,4,67.1812355518341,-1
5,normal,4,1,4,76.46247148513794,-1
5,normal,4,1,4,69.33585405349731,-1
5,normal,4,1,4,71.73038721084595,-1
5,normal,4,1,4,71.51256799697876,-1
5,normal,4,1,4,74.47214126586914,-1
5,normal,4,1,4,72.72455096244812,-1
5,normal,4,1,4,77.3097574710846,-1
5,normal,4,1,4,72.47809171676636,-1
5,normal,4,1,4,77.61641144752502,-1
5,normal,4,1,4,78.53865027427673,-1
5,normal,4,1,4,72.57553339004517,-1
5,normal,4,1,4,74.27071332931519,-1
5,normal,4,1,4,72.57553339004517,-1
5,normal,4,1,4,78.53865027427673,-1
5,normal,4,1,4,81.9796085357666,-1
5,normal,4,1,4,78.44229340553284,-1
5,normal,4,1,4,84.658282995224,-1
5,normal,4,1,4,81.7947506904602,-1
5,normal,4,1,4,81.9796085357666,-1
5,normal,4,1,4,81.87945485115051,-1
5,normal,4,1,4,81.87945485115051,-1
5,normal,4,1,4,81.87945485115051,-1
5,normal,4,1,4,78.53865027427673,-1
5,normal,4,1,4,81.87945485115051,-1
5,normal,4,1,4,81.87945485115051,-1
5,normal,4,1,4,81.87945485115051,-1
5,normal,4,1,4,80.55460453033447,-1
5,normal,4,1,4,80.1749050617218,-1
5,normal,4,1,4,77.58447527885437,-1
5,normal,4,1,4,79.17726039886475,-1
6,lejos,0,0,-1,0.0,-1
6,lejos,0,1,0,97.68749475479126,-1
6,lejos,0,1,0,92.34936237335205,-1
6,lejos,0,1,0,98.94550442695618,-1
6,lejos,0,1,0,98.80812168121338,-1
6,lejos,0,1,0,98.32987189292908,-1
6,lejos,0,1,0,98.28804135322571,-1
6,lejos,0,1,0,98.29782843589783,-1
6,lejos,0,1,0,98.94099235534668,-1
6,lejos,0,1,0,98.84136319160461,-1
6,lejos,0,1,0,98.80917072296143,-1
6,lejos,0,1,0,97.3808228969574,-1
6,lejos,0,1,0,98.45573902130127,-1
6,lejos,0,1,0,97.08534479141235,-1
6,lejos,0,1,0,97.08534479141235,-1
6,lejos,0,1,0,97.08534479141235,-1
6,lejos,0,1,0,96.61644697189331,-1
6,lejos,0,1,0,96.43126726150513,-1
6,lejos,0,1,0,98.61862659454346,-1
6,lejos,0,1,0,98.3091652393341,-1
6,lejos,0,1,0,97.47360944747925,-1
6,lejos,0,1,0,99.54289197921753,-1
6,lejos,0,1,0,99.42240118980408,-1
6,lejos,0,1,0,98.33620190620422,-1
6,lejos,0,1,0,98.8413393497467,-1
6,lejos,0,1,0,98.821622133255,-1
6,lejos,0,1,0,99.3245780467987,-1
6,lejos,0,1,0,99.36715364456177,-1
6,lejos,0,1,0,99.34535026550293,-1
6,lejos,0,1,0,99.34535026550293,-1
6,lejos,0,1,0,99.61381554603577,-1
6,lejos,0,1,0,99.1000235080719,-1
6,lejos,0,1,0,99.44512248039246,-1
6,lejos,0,1,0,99.13963675498962,-1
6,lejos,0,1,0,99.18076395988464,-1
6,lejos,0,1,0,99.69393014907837,-1
6,lejos,0,1,0,99.55737590789795,-1
6,lejos,0,1,0,99.60042834281921,-1
6,lejos,0,1,0,99.64078068733215,-1
6,lejos,0,1,0,99.5717465877533,-1
6,lejos,0,1,0,99.3861198425293,-1
6,lejos,0,1,0,99.57129955291748,-1
6,lejos,0,1,0,99.57238435745239,-1
6,lejos,0,1,0,99.46308135986328,-1
6,lejos,0,1,0,99.76894855499268,-1
6,lejos,0,1,0,99.78066086769104,-1
6,lejos,0,1,0,99.73772764205933,-1
6,lejos,0,1,0,99.68903660774231,-1
6,lejos,0,1,0,99.65701103210449,-1
6,lejos,0,1,0,99.77839589118958,-1
6,lejos,0,1,0,99.71756935119629,-1
6,lejos,0,1,0,99.72055554389954,-1
6,lejos,0,1,0,99.80306029319763,-1
6,lejos,0,1,0,99.58523511886597,-1
6,lejos,0,1,0,99.68971014022827,-1
6,lejos,0,1,0,99.649977684021,-1
6,lejos,0,1,0,99.69629645347595,-1
6,lejos,0,1,0,99.70081448554993,-1
6,lejos,0,1,0,99.63194131851196,-1
6,lejos,0,1,0,99.76108074188232,-1
6,lejos,0,1,0,99.64050054550171,-1
6,lejos,0,1,0,99.64050054550171,-1
6,lejos,0,1,0,99.61344003677368,-1
6,lejos,0,1,0,99.61960315704346,-1
6,lejos,0,1,0,99.64774250984192,-1
6,lejos,0,1,0,99.65245127677917,-1
6,lejos,0,1,0,99.08682107925415,-1
6,lejos,0,1,0,99.51565265655518,-1
6,lejos,0,1,0,99.60247278213501,-1
6,lejos,0,1,0,99.43681359291077,-1
6,lejos,0,1,0,99.34754967689514,-1
6,lejos,0,1,0,98.9492416381836,-1
6,lejos,0,1,0,99.16885495185852,-1
6,lejos,0,1,0,99.10786747932434,-1
6,lejos,0,1,0,98.88710379600525,-1
6,lejos,0,1,0,99.21188354492188,-1
6,lejos,0,1,0,99.16279315948486,-1
6,lejos,0,1,0,99.08120036125183,-1
6,lejos,0,1,0,98.83790016174316,-1
6,lejos,0,1,0,98.98495674133301,-1
6,lejos,0,1,0,99.57491159439087,-1
6,lejos,0,1,0,99.55647587776184,-1
6,lejos,0,1,0,99.6320128440857,-1
6,lejos,0,1,0,99.47378039360046,-1
6,lejos,0,1,0,98.93269538879395,-1
6,lejos,0,1,0,99.30976033210754,-1
6,lejos,0,1,0,99.3089497089386,-1
6,lejos,0,1,0,99.42359328269958,-1
7,lejos,1,1,1,88.98757100105286,-1
7,lejos,1,1,1,90.85437655448914,-1
7,lejos,1,1,1,91.34941101074219,-1
7,lejos,1,1,1,90.60226082801819,-1
7,lejos,1,1,1,88.90364170074463,-1
7,lejos,1,1,1,90.06945490837097,-1
7,lejos,1,1,1,88.87710571289062,1
7,lejos,1,1,1,89.76904153823853,-1
7,lejos,1,1,1,89.86333012580872,-1
7,lejos,1,1,1,87.2808039188385,-1
7,lejos,1,1,1,90.40223956108093,-1
7,lejos,1,1,1,90.9105658531189,-1
7,lejos,1,1,1,85.17752289772034,-1
7,lejos,1,1,1,89.59120512008667,-1
7,lejos,1,1,1,90.19371271133423,-1
7,lejos,1,1,1,89.15160298347473,-1
7,lejos,1,1,1,89.13262486457825,-1
7,lejos,1,1,1,88.56757879257202,-1
7,lejos,1,1,1,87.89823651313782,-1
7,lejos,1,1,1,88.35992813110352,-1
7,lejos,1,1,1,87.55165934562683,-1
7,lejos,1,1,1,85.76540350914001,-1
7,lejos,1,1,1,90.26970267295837,-1
7,lejos,1,1,1,90.7304584980011,-1
7,lejos,1,1,1,89.33191299438477,-1
7,lejos,1,1,1,89.20820355415344,-1
7,lejos,1,1,1,91.46556854248047,-1
7,lejos,1,1,1,89.17455077171326,-1
7,lejos,1,1,1,90.42884111404419,-1
7,lejos,1,1,1,89.17455077171326,-1
7,lejos,1,1,1,88.02028894424438,-1
7,lejos,1,1,1,88.70083093643188,-1
7,lejos,1,1,1,88.88236284255981,-1
7,lejos,1,1,1,88.70083093643188,-1
7,lejos,1,1,1,87.31008172035217,-1
7,lejos,1,1,1,86.61962151527405,-1
7,lejos,1,1,1,89.5825445652008,-1
7,lejos,1,1,1,89.55726027488708,-1
7,lejos,1,1,1,86.32305860519409,-1
7,lejos,1,1,1,83.74278545379639,-1
7,lejos,1,1,1,81.51377439498901,-1
7,lejos,1,1,1,85.62571406364441,-1
7,lejos,1,1,1,81.10045790672302,-1
7,lejos,1,1,1,89.26250338554382,-1
7,lejos,1,1,1,87.34554052352905,-1
7,lejos,1,1,1,86.50904893875122,-1
7,lejos,1,1,1,87.19270825386047,-1
7,lejos,1,1,1,90.05549550056458,-1
7,lejos,1,1,1,89.21625018119812,-1
7,lejos,1,1,1,89.06250596046448,-1
7,lejos,1,1,1,89.0555202960968,-1
7,lejos,1,1,1,86.51903867721558,-1
7,lejos,1,1,1,90.17871618270874,-1
7,lejos,1,1,1,89.22620415687561,-1
7,lejos,1,1,1,90.17871618270874,-1
7,lejos,1,1,1,90.81714749336243,-1
7,lejos,1,1,1,89.59432244300842,-1
7,lejos,1,1,1,87.02664375305176,-1
7,lejos,1,1,1,88.66990208625793,-1
7,lejos,1,1,1,88.38582634925842,-1
7,lejos,1,1,1,90.73169827461243,-1
7,lejos,1,1,1,92.34280586242676,-1
7,lejos,1,1,1,90.7300353050232,-1
7,lejos,1,1,1,91.27647280693054,-1
7,lejos,1,1,1,91.09928607940674,-1
7,lejos,1,1,1,90.74839353561401,-1
7,lejos,1,1,1,90.7340407371521,-1
7,lejos,1,1,1,89.93794918060303,-1
7,lejos,1,1,1,90.33371210098267,-1
7,lejos,1,1,1,88.55032920837402,-1
7,lejos,1,1,1,90.9632682800293,-1
7,lejos,1,1,1,90.9632682800293,-1
7,lejos,1,1,1,90.18175601959229,-1
7,lejos,1,1,1,88.84585499763489,-1
7,lejos,1,1,1,88.64153623580933,-1
7,lejos,1,1,1,89.49827551841736,-1
7,lejos,1,1,1,88.74552845954895,-1
7,lejos,1,1,1,89.08223509788513,-1
7,lejos,1,1,1,85.35288572311401,-1
7,lejos,1,1,1,86.04370951652527,-1
7,lejos,1,1,1,85.86634397506714,-1
7,lejos,1,1,1,87.98466920852661,-1
7,lejos,1,1,1,87.83110976219177,-1
7,lejos,1,1,1,87.30167746543884,-1
7,lejos,1,1,1,87.8252625465393,-1
7,lejos,1,1,1,89.25267457962036,-1
7,lejos,1,1,1,89.90760445594788,-1
7,lejos,1,1,1,90.00492095947266,-1
7,lejos,1,1,1,90.4320478439331,-1
7,lejos,1,1,1,92.24793314933777,-1
7,lejos,1,1,1,92.03980565071106,-1
7,lejos,1,1,1,86.36400103569031,-1
7,lejos,1,1,1,87.16859817504883,-1
7,lejos,1,1,1,89.91421461105347,-1
7,lejos,1,1,1,87.14678287506104,-1
8,lejos,2,1,2,99.23872947692871,-1
8,lejos,2,1,2,98.87668490409851,-1
8,lejos,2,1,2,99.37043786048889,-1
8,lejos,2,1,2,99.20539855957031,-1
8,lejos,2,1,2,99.20603036880493,-1
8,lejos,2,1,2,98.92128705978394,-1
8,lejos,2,1,2,99.17268753051758,2
8,lejos,2,1,2,98.62321019172668,-1
8,lejos,2,1,2,98.64941835403442,-1
8,lejos,2,1,2,99.01142120361328,-1
8,lejos,2,1,2,98.84594082832336,-1
8,lejos,2,1,2,98.84594082832336,-1
8,lejos,2,1,2,98.87197613716125,-1
8,lejos,2,1,2,98.91770482063293,-1
8,lejos,2,1,2,98.74424338340759,-1
8,lejos,2,1,2,98.82501363754272,-1
8,lejos,2,1,2,98.82335662841797,-1
8,lejos,2,1,2,98.74114394187927,-1
8,lejos,2,1,2,98.93695116043091,-1
8,lejos,2,1,2,98.84964227676392,-1
8,lejos,2,1,2,98.84964227676392,-1
8,lejos,2,1,2,98.53048920631409,-1
8,lejos,2,1,2,98.92923831939697,-1
8,lejos,2,1,2,98.79896640777588,-1
8,lejos,2,1,2,98.97526502609253,-1
8,lejos,2,1,2,98.97526502609253,-1
8,lejos,2,1,2,98.99522662162781,-1
8,lejos,2,1,2,99.12258982658386,-1
8,lejos,2,1,2,98.82148504257202,-1
8,lejos,2,1,2,98.87011051177979,-1
8,lejos,2,1,2,98.92569184303284,-1
8,lejos,2,1,2,98.78467917442322,-1
8,lejos,2,1,2,98.9264726638794,-1
8,lejos,2,1,2,98.9806592464447,-1
8,lejos,2,1,2,99.04334545135498,-1
8,lejos,2,1,2,98.94941449165344,-1
8,lejos,2,1,2,98.9274799823761,-1
8,lejos,2,1,2,98.86130094528198,-1
8,lejos,2,1,2,98.86130094528198,-1
8,lejos,2,1,2,98.87652397155762,-1
8,lejos,2,1,2,98.92547130584717,-1
8,lejos,2,1,2,98.94636869430542,-1
8,lejos,2,1,2,98.92547130584717,-1
8,lejos,2,1,2,98.94636869430542,-1
8,lejos,2,1,2,98.9162802696228,-1
8,lejos,2,1,2,98.93747568130493,-1
8,lejos,2,1,2,98.96323680877686,-1
8,lejos,2,1,2,98.92933368682861,-1
8,lejos,2,1,2,98.96323680877686,-1
8,lejos,2,1,2,98.89255166053772,-1
8,lejos,2,1,2,98.911052942276,-1
8,lejos,2,1,2,98.911052942276,-1
8,lejos,2,1,2,98.911052942276,-1
8,lejos,2,1,2,98.79101514816284,-1
8,lejos,2,1,2,98.7230122089386,-1
8,lejos,2,1,2,98.78870248794556,-1
8,lejos,2,1,2,98.87418150901794,-1
8,lejos,2,1,2,98.78870248794556,-1
8,lejos,2,1,2,98.91035556793213,-1
8,lejos,2,1,2,98.8921046257019,-1
8,lejos,2,1,2,98.8921046257019,-1
8,lejos,2,1,2,98.86482357978821,-1
8,lejos,2,1,2,99.01122450828552,-1
8,lejos,2,1,2,99.01325702667236,-1
8,lejos,2,1,2,99.01514649391174,-1
8,lejos,2,1,2,99.01514649391174,-1
8,lejos,2,1,2,99.09747242927551,-1
8,lejos,2,1,2,98.98255467414856,-1
8,lejos,2,1,2,99.06871914863586,-1
8,lejos,2,1,2,99.05549883842468,-1
8,lejos,2,1,2,99.05549883842468,-1
8,lejos,2,1,2,98.87612462043762,-1
8,lejos,2,1,2,98.68818521499634,-1
8,lejos,2,1,2,98.72985482215881,-1
8,lejos,2,1,2,98.72985482215881,-1
8,lejos,2,1,2,98.80666732788086,-1
8,lejos,2,1,2,98.75057935714722,-1
8,lejos,2,1,2,98.28979969024658,-1
8,lejos,2,1,2,98.34139943122864,-1
8,lejos,2,1,2,98.45268726348877,-1
8,lejos,2,1,2,98.87963533401489,-1
8,lejos,2,1,2,98.32732677459717,-1
8,lejos,2,1,2,98.25084209442139,-1
8,lejos,2,1,2,98.37304353713989,-1
8,lejos,2,1,2,98.67970943450928,-1
8,lejos,2,1,2,98.46376776695251,-1
8,lejos,2,1,2,98.77819418907166,-1
8,lejos,2,1,2,98.77819418907166,-1
8,lejos,2,1,2,98.77819418907166,-1
9,lejos,3,1,3,99.43959712982178,-1
9,lejos,3,1,3,99.22768473625183,-1
9,lejos,3,1,3,98.85157346725464,-1
9,lejos,3,1,3,98.95607233047485,-1
9,lejos,3,1,3,98.47529530525208,-1
9,lejos,3,1,3,98.62615466117859,-1
9,lejos,3,1,3,98.83367419242859,3
9,lejos,3,1,3,98.80033731460571,-1
9,lejos,3,1,3,98.57062101364136,-1
9,lejos,3,1,3,98.8783061504364,-1
9,lejos,3,1,3,98.8324761390686,-1
9,lejos,3,1,3,98.65731000900269,-1
9,lejos,3,1,3,99.23031330108643,-1
9,lejos,3,1,3,97.74211049079895,-1
9,lejos,3,1,3,99.17519688606262,-1
9,lejos,3,1,3,97.08899855613708,-1
9,lejos,3,1,3,98.01710844039917,-1
9,lejos,3,1,3,96.97006940841675,-1
9,lejos,3,1,3,96.60788774490356,-1
9,lejos,3,1,3,97.82431125640869,-1
9,lejos,3,1,3,98.48706126213074,-1
9,lejos,3,1,3,98.4720230102539,-1
9,lejos,3,1,3,97.77271747589111,-1
9,lejos,3,1,3,97.57409691810608,-1
9,lejos,3,1,3,98.73566627502441,-1
9,lejos,3,1,3,98.4714925289154,-1
9,lejos,3,1,3,98.38728308677673,-1
9,lejos,3,1,3,98.28930497169495,-1
9,lejos,3,1,3,98.90056252479553,-1
9,lejos,3,1,3,98.86137247085571,-1
9,lejos,3,1,3,98.86137247085571,-1
9,lejos,3,1,3,99.13628101348877,-1
9,lejos,3,1,3,99.39790964126587,-1
9,lejos,3,1,3,99.38807487487793,-1
9,lejos,3,1,3,99.25951361656189,-1
9,lejos,3,1,3,99.25951361656189,-1
9,lejos,3,1,3,99.28715825080872,-1
9,lejos,3,1,3,99.14570450782776,-1
9,lejos,3,1,3,99.4920551776886,-1
9,lejos,3,1,3,99.32234287261963,-1
9,lejos,3,1,3,99.32812452316284,-1
9,lejos,3,1,3,99.50233697891235,-1
9,lejos,3,1,3,99.50778484344482,-1
9,lejos,3,1,3,99.33856129646301,-1
9,lejos,3,1,3,99.3174135684967,-1
9,lejos,3,1,3,99.05151128768921,-1
9,lejos,3,1,3,99.18049573898315,-1
9,lejos,3,1,3,98.94455075263977,-1
9,lejos,3,1,3,98.98518919944763,-1
9,lejos,3,1,3,98.94455075263977,-1
9,lejos,3,1,3,99.19660091400146,-1
9,lejos,3,1,3,99.15904402732849,-1
9,lejos,3,1,3,99.15838241577148,-1
9,lejos,3,1,3,99.35272336006165,-1
9,lejos,3,1,3,99.2474615573883,-1
9,lejos,3,1,3,99.10942912101746,-1
9,lejos,3,1,3,99.21907782554626,-1
9,lejos,3,1,3,99.00347590446472,-1
9,lejos,3,1,3,99.33364391326904,-1
9,lejos,3,1,3,99.20774102210999,-1
9,lejos,3,1,3,98.75778555870056,-1
9,lejos,3,1,3,98.97658228874207,-1
9,lejos,3,1,3,98.90366196632385,-1
9,lejos,3,1,3,99.18129444122314,-1
9,lejos,3,1,3,98.55257868766785,-1
9,lejos,3,1,3,98.82861971855164,-1
9,lejos,3,1,3,98.89304041862488,-1
9,lejos,3,1,3,98.93217086791992,-1
9,lejos,3,1,3,99.23701286315918,-1
9,lejos,3,1,3,98.92358183860779,-1
9,lejos,3,1,3,99.0313172340393,-1
9,lejos,3,1,3,98.92358183860779,-1
9,lejos,3,1,3,98.81646633148193,-1
9,lejos,3,1,3,99.07880425453186,-1
9,lejos,3,1,3,98.81646633148193,-1
9,lejos,3,1,3,99.2356538772583,-1
9,lejos,3,1,3,99.2356538772583,-1
9,lejos,3,1,3,99.29319620132446,-1
9,lejos,3,1,3,98.88578653335571,-1
9,lejos,3,1,3,98.60287308692932,-1
9,lejos,3,1,3,98.4723687171936,-1
9,lejos,3,1,3,99.27950501441956,-1
9,lejos,3,1,3,99.31725859642029,-1
9,lejos,3,1,3,98.86397123336792,-1
9,lejos,3,1,3,98.9167332649231,-1
9,lejos,3,1,3,98.69902729988098,-1
9,lejos,3,1,3,99.26306009292603,-1
9,lejos,3,1,3,98.61651659011841,-1
9,lejos,3,1,3,98.69504570960999,-1
9,lejos,3,1,3,98.76318573951721,-1
9,lejos,3,1,3,99.1045892238617,-1
9,lejos,3,1,3,98.7794280052185,-1
9,lejos,3,1,3,98.69388341903687,-1
10,lejos,4,1,3,75.2580463886261,-1
10,lejos,4,1,4,72.11999893188477,-1
10,lejos,4,1,3,55.432724952697754,-1
10,lejos,4,1,4,56.90067410469055,-1
10,lejos,4,1,4,54.31838631629944,-1
10,lejos,4,1,4,51.09350085258484,-1
10,lejos,4,1,3,61.96665167808533,-1
10,lejos,4,1,3,61.82965040206909,-1
10,lejos,4,1,4,50.17057657241821,-1
10,lejos,4,1,3,62.83982992172241,-1
10,lejos,4,1,3,54.01296615600586,-1
10,lejos,4,1,3,57.84854292869568,-1
10,lejos,4,1,3,58.75743627548218,-1
10,lejos,4,1,3,52.00507044792175,-1
10,lejos,4,1,3,66.79192781448364,-1
10,lejos,4,1,3,55.13256788253784,-1
10,lejos,4,1,3,75.96540451049805,-1
10,lejos,4,1,3,65.84255695343018,-1
10,lejos,4,1,3,60.10968089103699,-1
10,lejos,4,1,4,60.61738729476929,-1
10,lejos,4,1,3,67.3194408416748,-1
10,lejos,4,1,3,62.038058042526245,-1
10,lejos,4,1,3,62.038058042526245,-1
10,lejos,4,1,3,51.98954939842224,-1
10,lejos,4,1,4,59.83971953392029,-1
10,lejos,4,1,4,65.08954763412476,-1
10,lejos,4,1,4,55.65761923789978,-1
10,lejos,4,1,4,55.65761923789978,-1
10,lejos,4,1,4,70.70464491844177,-1
10,lejos,4,1,4,67.41276979446411,-1
10,lejos,4,1,4,68.76351237297058,-1
10,lejos,4,1,4,63.97818922996521,-1
10,lejos,4,1,4,71.28134965896606,-1
10,lejos,4,1,3,63.874608278274536,-1
10,lejos,4,1,3,52.955275774002075,-1
10,lejos,4,1,4,55.40165305137634,-1
10,lejos,4,1,4,56.851327419281006,-1
10,lejos,4,1,4,61.583614349365234,-1
10,lejos,4,1,3,72.72064089775085,-1
10,lejos,4,1,3,56.13800287246704,-1
10,lejos,4,1,3,60.937219858169556,-1
10,lejos,4,1,4,52.31349468231201,-1
10,lejos,4,1,4,73.19616675376892,-1
10,lejos,4,1,4,58.61442685127258,-1
10,lejos,4,1,4,53.325945138931274,-1
10,lejos,4,1,4,50.04081130027771,-1
10,lejos,4,1,4,58.21153521537781,-1
10,lejos,4,1,4,75.87822675704956,-1
10,lejos,4,1,4,72.3876416683197,-1
10,lejos,4,1,4,72.3876416683197,-1
10,lejos,4,1,4,59.67468023300171,-1
10,lejos,4,1,4,74.39578175544739,-1
10,lejos,4,1,4,69.43485736846924,-1
10,lejos,4,1,4,64.21805620193481,-1
10,lejos,4,1,4,66.40768051147461,-1
10,lejos,4,1,4,70.61262726783752,-1
10,lejos,4,1,4,63.30869197845459,-1
10,lejos,4,1,4,63.30869197845459,-1
10,lejos,4,1,4,66.30735993385315,-1
10,lejos,4,1,4,70.51801085472107,-1
10,lejos,4,1,4,65.05408883094788,-1
10,lejos,4,1,4,58.24301838874817,-1
10,lejos,4,1,4,70.25789022445679,-1
10,lejos,4,1,4,65.05408883094788,-1
10,lejos,4,1,4,61.17502450942993,-1
10,lejos,4,1,4,68.43909621238708,-1
10,lejos,4,1,4,57.38493800163269,-1
10,lejos,4,1,4,68.43909621238708,-1
10,lejos,4,1,3,63.42422962188721,-1
10,lejos,4,1,3,60.89569330215454,-1
10,lejos,4,1,3,65.38394093513489,-1
10,lejos,4,1,3,68.52108836174011,-1
10,lejos,4,1,3,68.53485107421875,-1
10,lejos,4,1,3,52.45635509490967,-1
10,lejos,4,1,3,73.04198741912842,-1
10,lejos,4,1,3,57.73962140083313,-1
10,lejos,4,1,3,61.0664427280426,-1
10,lejos,4,1,3,78.18350791931152,-1
10,lejos,4,1,3,59.28100943565369,-1
10,lejos,4,1,3,71.82630896568298,-1
10,lejos,4,1,3,76.29088163375854,-1
10,lejos,4,1,3,72.65319228172302,-1
10,lejos,4,1,3,59.719330072402954,-1
10,lejos,4,1,3,69.60951089859009,-1
10,lejos,4,1,3,72.75230288505554,-1
10,lejos,4,1,3,56.21614456176758,-1
10,lejos,4,1,3,75.98989605903625,-1
10,lejos,4,1,3,82.42449760437012,-1
10,lejos,4,1,4,71.05753421783447,-1
10,lejos,4,1,4,62.07994222640991,-1
10,lejos,4,1,4,61.23269200325012,-1
10,lejos,4,1,3,85.83641052246094,-1
11,lateral,0,0,-1,0.0,-1
11,lateral,0,1,0,99.72105622291565,-1
11,lateral,0,1,0,99.69346523284912,-1
11,lateral,0,1,0,99.85044002532959,-1
11,lateral,0,1,0,99.86504912376404,-1
11,lateral,0,1,0,99.4398295879364,-1
11,lateral,0,1,0,99.78214502334595,-1
11,lateral,0,1,0,99.36215281486511,-1
11,lateral,0,1,0,99.89022016525269,-1
11,lateral,0,1,0,99.76361989974976,-1
11,lateral,0,1,0,99.77028965950012,-1
11,lateral,0,1,0,99.81908202171326,-1
11,lateral,0,1,0,99.96094107627869,-1
11,lateral,0,1,0,99.97779726982117,-1
11,lateral,0,1,0,99.95380640029907,-1
11,lateral,0,1,0,99.9651312828064,-1
11,lateral,0,1,0,99.97102618217468,-1
11,lateral,0,1,0,99.9521255493164,-1
11,lateral,0,1,0,99.92227554321289,-1
11,lateral,0,1,0,99.93641972541809,-1
11,lateral,0,1,0,99.87552165985107,-1
11,lateral,0,1,0,99.9097228050232,-1
11,lateral,0,1,0,99.92727637290955,-1
11,lateral,0,1,0,99.82238411903381,-1
11,lateral,0,1,0,99.75051283836365,-1
11,lateral,0,1,0,99.8267412185669,-1
11,lateral,0,1,0,99.80477094650269,-1
11,lateral,0,1,0,99.62354302406311,-1
11,lateral,0,1,0,99.59961175918579,-1
11,lateral,0,1,0,99.6479332447052,-1
11,lateral,0,1,0,99.96650218963623,-1
11,lateral,0,1,0,99.98230338096619,-1
11,lateral,0,1,0,99.94171857833862,-1
11,lateral,0,1,0,99.92314577102661,-1
11,lateral,0,1,0,99.92129802703857,-1
11,lateral,0,1,0,99.88815188407898,-1
11,lateral,0,1,0,99.86431002616882,-1
11,lateral,0,1,0,99.84666109085083,-1
11,lateral,0,1,0,99.65862035751343,-1
11,lateral,0,1,0,99.67183470726013,-1
11,lateral,0,1,0,99.88866448402405,-1
11,lateral,0,1,0,99.5495080947876,-1
11,lateral,0,1,0,99.80524778366089,-1
11,lateral,0,1,0,99.79945421218872,-1
11,lateral,0,1,0,99.85918402671814,-1
11,lateral,0,1,0,99.76024031639099,-1
11,lateral,0,1,0,99.81833100318909,-1
11,lateral,0,1,0,99.81471300125122,-1
11,lateral,0,1,0,99.84663724899292,-1
11,lateral,0,1,0,99.52768087387085,-1
11,lateral,0,1,0,99.83806610107422,-1
11,lateral,0,1,0,99.94476437568665,-1
11,lateral,0,1,0,99.9451220035553,-1
11,lateral,0,1,0,99.65747594833374,-1
11,lateral,0,1,0,99.70812201499939,-1
11,lateral,0,1,0,99.79276657104492,-1
11,lateral,0,1,0,99.7099757194519,-1
11,lateral,0,1,0,99.59683418273926,-1
11,lateral,0,1,0,99.565589427948,-1
11,lateral,0,1,0,99.74879026412964,-1
11,lateral,0,1,0,99.68681931495667,-1
11,lateral,0,1,0,99.69124794006348,-1
11,lateral,0,1,0,99.79591369628906,-1
11,lateral,0,1,0,99.69569444656372,-1
11,lateral,0,1,0,99.59803819656372,-1
11,lateral,0,1,0,99.58266615867615,-1
11,lateral,0,1,0,99.68236684799194,-1
11,lateral,0,1,0,99.45969581604004,-1
11,lateral,0,1,0,99.53338503837585,-1
11,lateral,0,1,0,99.43038821220398,-1
11,lateral,0,1,0,99.38889741897583,-1
11,lateral,0,1,0,99.80410933494568,-1
11,lateral,0,1,0,99.64699745178223,-1
11,lateral,0,1,0,99.4568943977356,-1
11,lateral,0,1,0,99.57141280174255,-1
11,lateral,0,1,0,99.57141280174255,-1
11,lateral,0,1,0,99.58066940307617,-1
11,lateral,0,1,0,99.55871105194092,-1
11,lateral,0,1,0,99.59959983825684,-1
11,lateral,0,1,0,99.55871105194092,-1
11,lateral,0,1,0,99.60594177246094,-1
11,lateral,0,1,0,99.47757720947266,-1
11,lateral,0,1,0,99.66123700141907,-1
11,lateral,0,1,0,99.6956467628479,-1
11,lateral,0,1,0,99.73421692848206,-1
11,lateral,0,1,0,99.76982474327087,-1
11,lateral,0,1,0,99.72834587097168,-1
11,lateral,0,1,0,99.68879818916321,-1
11,lateral,0,1,0,99.73752498626709,-1
11,lateral,0,1,0,99.62002635002136,-1
12,lateral,1,1,1,99.40662384033203,-1
12,lateral,1,1,1,99.08270239830017,-1
12,lateral,1,1,1,99.396151304245,-1
12,lateral,1,1,1,99.41070079803467,-1
12,lateral,1,1,1,99.3176281452179,-1
12,lateral,1,1,1,99.11993145942688,-1
12,lateral,1,1,1,99.05677437782288,1
12,lateral,1,1,1,99.08541440963745,-1
12,lateral,1,1,1,99.08688068389893,-1
12,lateral,1,1,1,99.1853415966034,-1
12,lateral,1,1,1,99.25892353057861,-1
12,lateral,1,1,1,99.05998110771179,-1
12,lateral,1,1,1,99.05581474304199,-1
12,lateral,1,1,1,99.05559420585632,-1
12,lateral,1,1,1,98.85259866714478,-1
12,lateral,1,1,1,98.83139133453369,-1
12,lateral,1,1,1,98.50999712944031,-1
12,lateral,1,1,1,98.87287616729736,-1
12,lateral,1,1,1,98.35600852966309,-1
12,lateral,1,1,1,98.34815859794617,-1
12,lateral,1,1,1,98.12294244766235,-1
12,lateral,1,1,1,98.36676120758057,-1
12,lateral,1,1,1,98.06313514709473,-1
12,lateral,1,1,1,97.76596426963806,-1
12,lateral,1,1,1,97.48678207397461,-1
12,lateral,1,1,1,97.59299755096436,-1
12,lateral,1,1,1,98.28470945358276,-1
12,lateral,1,1,1,98.41904044151306,-1
12,lateral,1,1,1,98.4474778175354,-1
12,lateral,1,1,1,98.30180406570435,-1
12,lateral,1,1,1,98.06906580924988,-1
12,lateral,1,1,1,98.51152300834656,-1
12,lateral,1,1,1,98.18496108055115,-1
12,lateral,1,1,1,98.95609617233276,-1
12,lateral,1,1,1,98.28184247016907,-1
12,lateral,1,1,1,98.13817739486694,-1
12,lateral,1,1,1,98.20725321769714,-1
12,lateral,1,1,1,98.50165843963623,-1
12,lateral,1,1,1,97.84744381904602,-1
12,lateral,1,1,1,98.00320863723755,-1
12,lateral,1,1,1,98.02804589271545,-1
12,lateral,1,1,1,97.81412482261658,-1
12,lateral,1,1,1,98.24344515800476,-1
12,lateral,1,1,1,98.58624339103699,-1
12,lateral,1,1,1,98.33622574806213,-1
12,lateral,1,1,1,98.21875095367432,-1
12,lateral,1,1,1,98.3041524887085,-1
12,lateral,1,1,1,97.68365025520325,-1
12,lateral,1,1,1,98.11840057373047,-1
12,lateral,1,1,1,97.98879623413086,-1
12,lateral,1,1,1,98.35256338119507,-1
12,lateral,1,1,1,97.70671725273132,-1
12,lateral,1,1,1,98.28238487243652,-1
12,lateral,1,1,1,98.66361021995544,-1
12,lateral,1,1,1,98.59941005706787,-1
12,lateral,1,1,1,98.16262722015381,-1
12,lateral,1,1,1,97.65467643737793,-1
12,lateral,1,1,1,98.05846214294434,-1
12,lateral,1,1,1,98.73728156089783,-1
12,lateral,1,1,1,97.91098833084106,-1
12,lateral,1,1,1,98.50572943687439,-1
12,lateral,1,1,1,98.6579954624176,-1
12,lateral,1,1,1,98.22689294815063,-1
12,lateral,1,1,1,98.77986311912537,-1
12,lateral,1,1,1,98.18664193153381,-1
12,lateral,1,1,1,98.56282472610474,-1
12,lateral,1,1,1,98.6933708190918,-1
12,lateral,1,1,1,98.25619459152222,-1
12,lateral,1,1,1,98.55270385742188,-1
12,lateral,1,1,1,98.29789996147156,-1
12,lateral,1,1,1,98.42350482940674,-1
12,lateral,1,1,1,97.97394871711731,-1
12,lateral,1,1,1,98.06140661239624,-1
12,lateral,1,1,1,98.44008088111877,-1
12,lateral,1,1,1,98.27890992164612,-1
12,lateral,1,1,1,98.30123782157898,-1
12,lateral,1,1,1,98.31497073173523,-1
12,lateral,1,1,1,98.20067286491394,-1
12,lateral,1,1,1,97.92274832725525,-1
12,lateral,1,1,1,96.8017578125,-1
12,lateral,1,1,1,98.42350482940674,-1
12,lateral,1,1,1,97.5990355014801,-1
12,lateral,1,1,1,98.07971715927124,-1
12,lateral,1,1,1,98.00559878349304,-1
12,lateral,1,1,1,98.23145866394043,-1
12,lateral,1,1,1,97.75505065917969,-1
12,lateral,1,1,1,98.28683137893677,-1
12,lateral,1,1,1,98.1338620185852,-1
12,lateral,1,1,1,98.01708459854126,-1
12,lateral,1,1,1,98.28610420227051,-1
12,lateral,1,1,1,98.1554388999939,-1
12,lateral,1,1,1,98.12917709350586,-1
12,lateral,1,1,1,98.38935136795044,-1
12,lateral,1,1,1,98.61689805984497,-1
12,lateral,1,1,1,98.02199006080627,-1
12,lateral,1,1,1,97.58033752441406,-1
12,lateral,1,1,1,98.2607901096344,-1
13,lateral,2,1,1,99.89930987358093,-1
13,lateral,2,1,1,99.84075427055359,-1
13,lateral,2,1,2,95.9441602230072,-1
13,lateral,2,1,2,98.13388586044312,-1
13,lateral,2,1,2,98.89405369758606,-1
13,lateral,2,1,2,98.44521284103394,-1
13,lateral,2,1,2,98.6559271812439,2
13,lateral,2,1,2,98.07260632514954,-1
13,lateral,2,1,2,98.78212809562683,-1
13,lateral,2,1,2,98.93531799316406,-1
13,lateral,2,1,2,98.88339638710022,-1
13,lateral,2,1,2,98.8884449005127,-1
13,lateral,2,1,2,98.83706569671631,-1
13,lateral,2,1,2,98.58915209770203,-1
13,lateral,2,1,2,98.49728345870972,-1
13,lateral,2,1,2,98.87939095497131,-1
13,lateral,2,1,2,98.94094467163086,-1
13,lateral,2,1,2,98.742014169693,-1
13,lateral,2,1,2,98.92659187316895,-1
13,lateral,2,1,2,98.64051342010498,-1
13,lateral,2,1,2,98.62697720527649,-1
13,lateral,2,1,2,98.89346957206726,-1
13,lateral,2,1,2,98.9464282989502,-1
13,lateral,2,1,2,98.80358576774597,-1
13,lateral,2,1,2,98.77990484237671,-1
13,lateral,2,1,2,98.84334206581116,-1
13,lateral,2,1,2,98.74957799911499,-1
13,lateral,2,1,2,98.85595440864563,-1
13,lateral,2,1,2,98.88061285018921,-1
13,lateral,2,1,2,98.90530705451965,-1
13,lateral,2,1,2,99.01240468025208,-1
13,lateral,2,1,2,98.77569675445557,-1
13,lateral,2,1,2,98.99467825889587,-1
13,lateral,2,1,2,98.98228645324707,-1
13,lateral,2,1,2,99.01067614555359,-1
13,lateral,2,1,2,98.77986907958984,-1
13,lateral,2,1,2,98.9412248134613,-1
13,lateral,2,1,2,98.987877368927,-1
13,lateral,2,1,2,99.00924563407898,-1
13,lateral,2,1,2,98.98805618286133,-1
13,lateral,2,1,2,98.92011880874634,-1
13,lateral,2,1,2,98.80703091621399,-1
13,lateral,2,1,2,98.32651615142822,-1
13,lateral,2,1,2,98.53642582893372,-1
13,lateral,2,1,2,98.71980547904968,-1
13,lateral,2,1,2,98.94834160804749,-1
13,lateral,2,1,2,98.97271990776062,-1
13,lateral,2,1,2,98.79733324050903,-1
13,lateral,2,1,2,98.84317517280579,-1
13,lateral,2,1,2,98.85537624359131,-1
13,lateral,2,1,2,98.65668416023254,-1
13,lateral,2,1,2,98.82565140724182,-1
13,lateral,2,1,2,98.89483451843262,-1
13,lateral,2,1,2,98.7902581691742,-1
13,lateral,2,1,2,98.88471364974976,-1
13,lateral,2,1,2,98.32533001899719,-1
13,lateral,2,1,2,98.1168270111084,-1
13,lateral,2,1,2,98.35631847381592,-1
13,lateral,2,1,2,98.12581539154053,-1
13,lateral,2,1,2,97.55613207817078,-1
13,lateral,2,1,2,97.7007269859314,-1
13,lateral,2,1,2,97.54903316497803,-1
13,lateral,2,1,2,97.7458655834198,-1
13,lateral,2,1,2,98.00354838371277,-1
13,lateral,2,1,2,98.26292991638184,-1
13,lateral,2,1,2,99.00056719779968,-1
13,lateral,2,1,2,98.99131059646606,-1
13,lateral,2,1,2,98.31792116165161,-1
13,lateral,2,1,2,98.77586960792542,-1
13,lateral,2,1,2,99.01869297027588,-1
13,lateral,2,1,2,99.12965297698975,-1
13,lateral,2,1,2,98.66830706596375,-1
13,lateral,2,1,2,98.77958297729492,-1
13,lateral,2,1,2,98.83119463920593,-1
13,lateral,2,1,2,99.1637647151947,-1
13,lateral,2,1,2,99.06270503997803,-1
13,lateral,2,1,2,99.07885193824768,-1
13,lateral,2,1,2,99.15379285812378,-1
13,lateral,2,1,2,99.13198351860046,-1
13,lateral,2,1,2,99.14664030075073,-1
13,lateral,2,1,2,99.00064468383789,-1
13,lateral,2,1,2,99.01324510574341,-1
13,lateral,2,1,2,99.03185367584229,-1
13,lateral,2,1,2,98.40006828308105,-1
13,lateral,2,1,2,98.8980770111084,-1
13,lateral,2,1,2,98.9134430885315,-1
13,lateral,2,1,2,98.86471629142761,-1
13,lateral,2,1,2,98.89281988143921,-1
13,lateral,2,1,2,98.89281988143921,-1
14,lateral,3,1,3,94.32507157325745,-1
14,lateral,3,1,3,98.61754775047302,-1
14,lateral,3,1,3,95.90035080909729,-1
14,lateral,3,1,3,95.86092233657837,-1
14,lateral,3,1,3,98.42899441719055,-1
14,lateral,3,1,3,98.93293976783752,-1
14,lateral,3,1,3,99.22537207603455,3
14,lateral,3,1,3,99.54250454902649,-1
14,lateral,3,1,3,99.59654808044434,-1
14,lateral,3,1,3,99.17502999305725,-1
14,lateral,3,1,3,99.38108325004578,-1
14,lateral,3,1,3,99.43296909332275,-1
14,lateral,3,1,3,99.03891682624817,-1
14,lateral,3,1,3,99.395751953125,-1
14,lateral,3,1,3,99.46358799934387,-1
14,lateral,3,1,3,99.56995248794556,-1
14,lateral,3,1,3,99.55973029136658,-1
14,lateral,3,1,3,99.63035583496094,-1
14,lateral,3,1,3,99.59610104560852,-1
14,lateral,3,1,3,99.61444139480591,-1
14,lateral,3,1,3,99.68736171722412,-1
14,lateral,3,1,3,99.6871292591095,-1
14,lateral,3,1,3,99.66632723808289,-1
14,lateral,3,1,3,99.66831803321838,-1
14,lateral,3,1,3,99.66862797737122,-1
14,lateral,3,1,3,99.63233470916748,-1
14,lateral,3,1,3,99.67079162597656,-1
14,lateral,3,1,3,99.68208074569702,-1
14,lateral,3,1,3,99.64686632156372,-1
14,lateral,3,1,3,99.55677390098572,-1
14,lateral,3,1,3,99.63682889938354,-1
14,lateral,3,1,3,99.59689378738403,-1
14,lateral,3,1,3,99.65559244155884,-1
14,lateral,3,1,3,99.65959191322327,-1
14,lateral,3,1,3,99.56383109092712,-1
14,lateral,3,1,3,99.59009289741516,-1
14,lateral,3,1,3,99.56830739974976,-1
14,lateral,3,1,3,99.44828748703003,-1
14,lateral,3,1,3,99.41184520721436,-1
14,lateral,3,1,3,99.46740865707397,-1
14,lateral,3,1,3,99.56755042076111,-1
14,lateral,3,1,3,99.25509691238403,-1
14,lateral,3,1,3,98.58923554420471,-1
14,lateral,3,1,3,97.43016958236694,-1
14,lateral,3,1,3,98.5365629196167,-1
14,lateral,3,1,3,96.47216796875,-1
14,lateral,3,1,3,97.81140089035034,-1
14,lateral,3,1,3,98.48397374153137,-1
14,lateral,3,1,3,93.02095174789429,-1
14,lateral,3,1,3,96.32121920585632,-1
14,lateral,3,1,3,96.46929502487183,-1
14,lateral,3,1,3,98.09755086898804,-1
14,lateral,3,1,3,97.2819983959198,-1
14,lateral,3,1,3,99.1955578327179,-1
14,lateral,3,1,3,98.61319065093994,-1
14,lateral,3,1,3,99.23561811447144,-1
14,lateral,3,1,3,98.78209233283997,-1
14,lateral,3,1,3,97.53207564353943,-1
14,lateral,3,1,3,98.78848195075989,-1
14,lateral,3,1,3,99.03278946876526,-1
14,lateral,3,1,3,99.01853799819946,-1
14,lateral,3,1,3,98.70678782463074,-1
14,lateral,3,1,3,98.97666573524475,-1
14,lateral,3,1,3,98.88128638267517,-1
14,lateral,3,1,3,99.13819432258606,-1
14,lateral,3,1,3,98.9065170288086,-1
14,lateral,3,1,3,98.91781806945801,-1
14,lateral,3,1,3,99.05012845993042,-1
14,lateral,3,1,3,98.91401529312134,-1
14,lateral,3,1,3,98.99409413337708,-1
14,lateral,3,1,3,98.81269335746765,-1
14,lateral,3,1,3,98.86631369590759,-1
14,lateral,3,1,3,99.06598925590515,-1
14,lateral,3,1,3,99.0699827671051,-1
14,lateral,3,1,3,99.14761185646057,-1
14,lateral,3,1,3,99.06941056251526,-1
14,lateral,3,1,3,99.00872111320496,-1
14,lateral,3,1,3,99.02087450027466,-1
14,lateral,3,1,3,99.18221831321716,-1
14,lateral,3,1,3,99.17802214622498,-1
14,lateral,3,1,3,98.97066354751587,-1
14,lateral,3,1,3,99.34545755386353,-1
14,lateral,3,1,3,98.93004298210144,-1
14,lateral,3,1,3,99.05195236206055,-1
14,lateral,3,1,3,99.0794837474823,-1
14,lateral,3,1,3,99.18966889381409,-1
14,lateral,3,1,3,99.18646216392517,-1
14,lateral,3,1,3,99.25504922866821,-1
14,lateral,3,1,3,99.09623265266418,-1
14,lateral,3,1,3,99.0894079208374,-1
14,lateral,3,1,3,98.88889193534851,-1
15,lateral,4,1,4,82.7574610710144,-1
15,lateral,4,1,4,97.01312184333801,-1
15,lateral,4,1,4,97.62608408927917,-1
15,lateral,4,1,4,99.09945130348206,-1
15,lateral,4,1,4,99.17844533920288,-1
15,lateral,4,1,4,99.43625926971436,-1
15,lateral,4,1,4,99.49058294296265,4
15,lateral,4,1,4,99.11749362945557,-1
15,lateral,4,1,4,99.53756332397461,-1
15,lateral,4,1,4,99.74494576454163,-1
15,lateral,4,1,4,99.73535537719727,-1
15,lateral,4,1,4,99.72969889640808,-1
15,lateral,4,1,4,99.72721934318542,-1
15,lateral,4,1,4,99.51122403144836,-1
15,lateral,4,1,4,99.71919655799866,-1
15,lateral,4,1,4,99.77310299873352,-1
15,lateral,4,1,4,99.75118637084961,-1
15,lateral,4,1,4,99.81802701950073,-1
15,lateral,4,1,4,99.84519481658936,-1
15,lateral,4,1,4,99.81856942176819,-1
15,lateral,4,1,4,99.83086585998535,-1
15,lateral,4,1,4,99.79196190834045,-1
15,lateral,4,1,4,99.84567165374756,-1
15,lateral,4,1,4,99.85371828079224,-1
15,lateral,4,1,4,99.86120462417603,-1
15,lateral,4,1,4,99.86238479614258,-1
15,lateral,4,1,4,99.84567165374756,-1
15,lateral,4,1,4,99.87757802009583,-1
15,lateral,4,1,4,99.7965931892395,-1
15,lateral,4,1,4,99.73178505897522,-1
15,lateral,4,1,4,99.72102046012878,-1
15,lateral,4,1,4,99.76046085357666,-1
15,lateral,4,1,4,99.79655742645264,-1
15,lateral,4,1,4,99.72364902496338,-1
15,lateral,4,1,4,99.65983033180237,-1
15,lateral,4,1,4,99.65918064117432,-1
15,lateral,4,1,4,99.52722191810608,-1
15,lateral,4,1,4,99.71455931663513,-1
15,lateral,4,1,4,99.6766209602356,-1
15,lateral,4,1,4,99.36951994895935,-1
15,lateral,4,1,4,99.46597218513489,-1
15,lateral,4,1,4,99.40654039382935,-1
15,lateral,4,1,4,99.54555034637451,-1
15,lateral,4,1,4,99.57636594772339,-1
15,lateral,4,1,4,99.58046078681946,-1
15,lateral,4,1,4,99.71001744270325,-1
15,lateral,4,1,4,99.72641468048096,-1
15,lateral,4,1,4,99.67923760414124,-1
15,lateral,4,1,4,99.36687350273132,-1
15,lateral,4,1,4,99.69261288642883,-1
15,lateral,4,1,4,99.83344674110413,-1
15,lateral,4,1,4,99.33981895446777,-1
15,lateral,4,1,4,99.67365860939026,-1
15,lateral,4,1,4,99.57744479179382,-1
15,lateral,4,1,4,99.60803389549255,-1
15,lateral,4,1,4,99.66709017753601,-1
15,lateral,4,1,4,99.50385689735413,-1
15,lateral,4,1,4,99.53386783599854,-1
15,lateral,4,1,4,99.3171215057373,-1
15,lateral,4,1,4,99.24079179763794,-1
15,lateral,4,1,4,99.18639659881592,-1
15,lateral,4,1,4,99.30199980735779,-1
15,lateral,4,1,4,99.06963109970093,-1
15,lateral,4,1,4,98.63330721855164,-1
15,lateral,4,1,4,99.18600916862488,-1
15,lateral,4,1,4,99.11221265792847,-1
15,lateral,4,1,4,98.42140674591064,-1
15,lateral,4,1,4,99.1309642791748,-1
15,lateral,4,1,4,99.14221167564392,-1
15,lateral,4,1,4,99.08410310745239,-1
15,lateral,4,1,4,99.24678206443787,-1
15,lateral,4,1,4,99.21116828918457,-1
15,lateral,4,1,4,99.39619898796082,-1
15,lateral,4,1,4,99.45382475852966,-1
15,lateral,4,1,4,99.1905927658081,-1
15,lateral,4,1,4,98.99186491966248,-1
15,lateral,4,1,4,99.03877377510071,-1
15,lateral,4,1,4,99.2533802986145,-1
15,lateral,4,1,4,99.0899920463562,-1
15,lateral,4,1,4,98.77674579620361,-1
15,lateral,4,1,4,99.14163947105408,-1
15,lateral,4,1,4,99.04887676239014,-1
15,lateral,4,1,4,99.05545115470886,-1
15,lateral,4,1,4,99.63086247444153,-1
15,lateral,4,1,4,99.16519522666931,-1
15,lateral,4,1,4,98.93754720687866,-1
15,lateral,4,1,4,99.17071461677551,-1
15,lateral,4,1,4,98.66596460342407,-1
15,lateral,4,1,4,99.51087832450867,-1
15,lateral,4,1,4,99.65479969978333,-1
15,lateral,4,1,4,99.53775405883789,-1
15,lateral,4,1,4,99.46021437644958,-1
15,lateral,4,1,4,99.0621566772461,-1
15,lateral,4,1,4,99.1033136844635,-1
16,baja_luz,0,0,-1,0.0,-1
16,baja_luz,0,1,1,99.70136880874634,-1
16,baja_luz,0,1,1,99.78541731834412,-1
16,baja_luz,0,1,1,99.72490668296814,-1
16,baja_luz,0,1,0,99.74256157875061,-1
16,baja_luz,0,1,0,99.89093542098999,-1
16,baja_luz,0,1,0,91.6564404964447,-1
16,baja_luz,0,1,0,96.56972289085388,-1
16,baja_luz,0,1,0,99.97864365577698,-1
16,baja_luz,0,1,0,99.79815483093262,-1
16,baja_luz,0,1,0,99.9460756778717,-1
16,baja_luz,0,1,0,99.96230602264404,-1
16,baja_luz,0,1,0,99.96469020843506,-1
16,baja_luz,0,1,0,99.93488192558289,-1
16,baja_luz,0,1,0,99.71101880073547,-1
16,baja_luz,0,1,0,99.70895648002625,-1
16,baja_luz,0,1,0,99.8699426651001,-1
16,baja_luz,0,1,0,96.690434217453,-1
16,baja_luz,0,1,0,85.85653305053711,-1
16,baja_luz,0,1,0,96.70122861862183,-1
16,baja_luz,0,1,0,93.59298348426819,-1
16,baja_luz,0,1,0,97.133868932724,-1
16,baja_luz,0,1,0,90.68340063095093,-1
16,baja_luz,0,1,0,93.80388855934143,-1
16,baja_luz,0,1,0,85.5476438999176,-1
16,baja_luz,0,1,0,87.7722978591919,-1
16,baja_luz,0,1,0,99.89097118377686,-1
16,baja_luz,0,1,0,99.66363906860352,-1
16,baja_luz,0,1,0,98.94784092903137,-1
16,baja_luz,0,1,0,99.71629977226257,-1
16,baja_luz,0,1,0,99.98342990875244,-1
16,baja_luz,0,1,0,99.96106028556824,-1
16,baja_luz,0,1,0,99.93602633476257,-1
16,baja_luz,0,1,0,99.86394047737122,-1
16,baja_luz,0,1,0,99.95810389518738,-1
16,baja_luz,0,1,0,99.90792274475098,-1
16,baja_luz,0,1,0,99.89344477653503,-1
16,baja_luz,0,1,0,99.87953901290894,-1
16,baja_luz,0,1,0,99.84039664268494,-1
16,baja_luz,0,1,0,99.89812970161438,-1
16,baja_luz,0,1,0,99.94019269943237,-1
16,baja_luz,0,1,0,99.85498785972595,-1
16,baja_luz,0,1,0,99.8839795589447,-1
16,baja_luz,0,1,0,99.85800981521606,-1
16,baja_luz,0,1,0,99.93082284927368,-1
16,baja_luz,0,1,0,99.96304512023926,-1
16,baja_luz,0,1,0,99.98437166213989,-1
16,baja_luz,0,1,0,99.97336268424988,-1
16,baja_luz,0,1,0,99.969482421875,-1
16,baja_luz,0,1,0,99.98646974563599,-1
16,baja_luz,0,1,0,99.97212290763855,-1
16,baja_luz,0,1,0,99.97972846031189,-1
16,baja_luz,0,1,0,99.9790608882904,-1
16,baja_luz,0,1,0,99.9797523021698,-1
16,baja_luz,0,1,0,99.9775230884552,-1
16,baja_luz,0,1,0,99.9799907207489,-1
16,baja_luz,0,1,0,99.98125433921814,-1
16,baja_luz,0,1,0,99.98393058776855,-1
16,baja_luz,0,1,0,99.98094439506531,-1
16,baja_luz,0,1,0,99.9682068824768,-1
16,baja_luz,0,1,0,99.9687671661377,-1
16,baja_luz,0,1,0,99.9687671661377,-1
16,baja_luz,0,1,0,99.97639060020447,-1
16,baja_luz,0,1,0,99.97386336326599,-1
16,baja_luz,0,1,0,99.9819815158844,-1
16,baja_luz,0,1,0,99.98852014541626,-1
16,baja_luz,0,1,0,99.98446702957153,-1
16,baja_luz,0,1,0,99.9853253364563,-1
16,baja_luz,0,1,0,99.98573064804077,-1
16,baja_luz,0,1,0,99.97811913490295,-1
16,baja_luz,0,1,0,99.98433589935303,-1
16,baja_luz,0,1,0,99.98160004615784,-1
16,baja_luz,0,1,0,99.9870777130127,-1
16,baja_luz,0,1,0,99.99034404754639,-1
16,baja_luz,0,1,0,99.99232292175293,-1
16,baja_luz,0,1,0,99.98992681503296,-1
16,baja_luz,0,1,0,99.98708963394165,-1
16,baja_luz,0,1,0,99.99111890792847,-1
16,baja_luz,0,1,0,99.98700618743896,-1
16,baja_luz,0,1,0,99.9903917312622,-1
16,baja_luz,0,1,0,99.98987913131714,-1
16,baja_luz,0,1,0,99.98540878295898,-1
16,baja_luz,0,1,0,99.97733235359192,-1
16,baja_luz,0,1,0,99.98840093612671,-1
16,baja_luz,0,1,0,99.98620748519897,-1
16,baja_luz,0,1,0,99.98652935028076,-1
16,baja_luz,0,1,0,99.98606443405151,-1
17,baja_luz,1,1,1,90.07272720336914,-1
17,baja_luz,1,1,1,91.8949544429779,-1
17,baja_luz,1,1,1,89.124196767807,-1
17,baja_luz,1,1,1,85.97049713134766,-1
17,baja_luz,1,1,1,87.56624460220337,-1
17,baja_luz,1,1,1,92.45787858963013,-1
17,baja_luz,1,1,1,93.58777403831482,1
17,baja_luz,1,1,1,94.70202922821045,-1
17,baja_luz,1,1,1,94.83126997947693,-1
17,baja_luz,1,1,1,92.96735525131226,-1
17,baja_luz,1,1,1,93.75877380371094,-1
17,baja_luz,1,1,1,93.3420717716217,-1
17,baja_luz,1,1,1,93.4450089931488,-1
17,baja_luz,1,1,1,93.51414442062378,-1
17,baja_luz,1,1,1,92.8916871547699,-1
17,baja_luz,1,1,1,94.43647861480713,-1
17,baja_luz,1,1,1,94.22580003738403,-1
17,baja_luz,1,1,1,94.3682610988617,-1
17,baja_luz,1,1,1,95.41548490524292,-1
17,baja_luz,1,1,1,94.53749656677246,-1
17,baja_luz,1,1,1,95.67863345146179,-1
17,baja_luz,1,1,1,93.90907883644104,-1
17,baja_luz,1,1,1,94.82012987136841,-1
17,baja_luz,1,1,1,94.47386860847473,-1
17,baja_luz,1,1,1,93.67863535881042,-1
17,baja_luz,1,1,1,91.92337393760681,-1
17,baja_luz,1,1,1,91.00514650344849,-1
17,baja_luz,1,1,1,94.30419206619263,-1
17,baja_luz,1,1,1,94.24325227737427,-1
17,baja_luz,1,1,1,91.89660549163818,-1
17,baja_luz,1,1,1,93.10423731803894,-1
17,baja_luz,1,1,1,92.37522482872009,-1
17,baja_luz,1,1,1,90.98841547966003,-1
17,baja_luz,1,1,1,90.36875367164612,-1
17,baja_luz,1,1,1,89.32071924209595,-1
17,baja_luz,1,1,1,92.71402359008789,-1
17,baja_luz,1,1,1,90.46763777732849,-1
17,baja_luz,1,1,1,90.46763777732849,-1
17,baja_luz,1,1,1,93.40930581092834,-1
17,baja_luz,1,1,1,93.33686828613281,-1
17,baja_luz,1,1,1,93.22585463523865,-1
17,baja_luz,1,1,1,91.67653322219849,-1
17,baja_luz,1,1,1,93.20901036262512,-1
17,baja_luz,1,1,1,90.39514660835266,-1
17,baja_luz,1,1,1,91.49102568626404,-1
17,baja_luz,1,1,1,91.97339415550232,-1
17,baja_luz,1,1,1,91.10521078109741,-1
17,baja_luz,1,1,1,93.12822818756104,-1
17,baja_luz,1,1,1,92.16713905334473,-1
17,baja_luz,1,1,1,92.68860816955566,-1
17,baja_luz,1,1,1,91.97551012039185,-1
17,baja_luz,1,1,1,91.69274568557739,-1
17,baja_luz,1,1,1,93.88867020606995,-1
17,baja_luz,1,1,1,92.66357421875,-1
17,baja_luz,1,1,1,91.40573740005493,-1
17,baja_luz,1,1,1,91.65354371070862,-1
17,baja_luz,1,1,1,92.78112649917603,-1
17,baja_luz,1,1,1,91.29999279975891,-1
17,baja_luz,1,1,1,92.39564538002014,-1
17,baja_luz,1,1,1,92.48765110969543,-1
17,baja_luz,1,1,1,91.32683277130127,-1
17,baja_luz,1,1,1,92.63269305229187,-1
17,baja_luz,1,1,1,92.30253100395203,-1
17,baja_luz,1,1,1,92.95372366905212,-1
17,baja_luz,1,1,1,92.34910011291504,-1
17,baja_luz,1,1,1,90.74419140815735,-1
17,baja_luz,1,1,1,92.08523035049438,-1
17,baja_luz,1,1,1,92.53465533256531,-1
17,baja_luz,1,1,1,93.18795204162598,-1
17,baja_luz,1,1,1,93.20803880691528,-1
17,baja_luz,1,1,1,92.41809248924255,-1
17,baja_luz,1,1,1,87.79039978981018,-1
17,baja_luz,1,1,1,91.65027737617493,-1
17,baja_luz,1,1,1,90.41900634765625,-1
17,baja_luz,1,1,1,89.59354758262634,-1
17,baja_luz,1,1,1,90.83780646324158,-1
17,baja_luz,1,1,1,88.69563341140747,-1
17,baja_luz,1,1,1,93.59490275382996,-1
17,baja_luz,1,1,1,88.50032091140747,-1
17,baja_luz,1,1,1,91.52098894119263,-1
17,baja_luz,1,1,1,89.31195735931396,-1
17,baja_luz,1,1,1,92.4934446811676,-1
17,baja_luz,1,1,1,90.00624418258667,-1
17,baja_luz,1,1,1,88.66961002349854,-1
17,baja_luz,1,1,1,90.06276726722717,-1
17,baja_luz,1,1,1,90.53840637207031,-1
17,baja_luz,1,1,1,89.36513662338257,-1
17,baja_luz,1,1,1,90.08718729019165,-1
17,baja_luz,1,1,1,88.68972063064575,-1
17,baja_luz,1,1,1,90.3451919555664,-1
18,baja_luz,2,1,2,97.40075469017029,-1
18,baja_luz,2,1,2,97.9021668434143,-1
18,baja_luz,2,1,2,97.21751809120178,-1
18,baja_luz,2,1,2,97.72993326187134,-1
18,baja_luz,2,1,2,97.21455574035645,-1
18,baja_luz,2,1,2,97.21455574035645,-1
18,baja_luz,2,1,2,97.21455574035645,2
18,baja_luz,2,1,2,98.0380117893219,-1
18,baja_luz,2,1,2,97.42351770401001,-1
18,baja_luz,2,1,2,98.06162118911743,-1
18,baja_luz,2,1,2,97.66920804977417,-1
18,baja_luz,2,1,2,97.2775936126709,-1
18,baja_luz,2,1,2,97.698575258255,-1
18,baja_luz,2,1,2,97.5659728050232,-1
18,baja_luz,2,1,2,97.63562679290771,-1
18,baja_luz,2,1,2,97.32697606086731,-1
18,baja_luz,2,1,2,96.2562084197998,-1
18,baja_luz,2,1,2,96.26388549804688,-1
18,baja_luz,2,1,2,96.22016549110413,-1
18,baja_luz,2,1,2,96.3391125202179,-1
18,baja_luz,2,1,2,96.93464636802673,-1
18,baja_luz,2,1,2,95.75201272964478,-1
18,baja_luz,2,1,2,96.59298062324524,-1
18,baja_luz,2,1,2,96.45738005638123,-1
18,baja_luz,2,1,2,96.97095155715942,-1
18,baja_luz,2,1,2,96.12612724304199,-1
18,baja_luz,2,1,2,97.14568853378296,-1
18,baja_luz,2,1,2,96.98576331138611,-1
18,baja_luz,2,1,2,96.77935242652893,-1
18,baja_luz,2,1,2,97.39242196083069,-1
18,baja_luz,2,1,2,96.61054015159607,-1
18,baja_luz,2,1,2,96.7396080493927,-1
18,baja_luz,2,1,2,97.3538339138031,-1
18,baja_luz,2,1,2,97.72318601608276,-1
18,baja_luz,2,1,2,97.13714122772217,-1
18,baja_luz,2,1,2,97.48586416244507,-1
18,baja_luz,2,1,2,97.53843545913696,-1
18,baja_luz,2,1,2,97.06422686576843,-1
18,baja_luz,2,1,2,96.56181931495667,-1
18,baja_luz,2,1,2,96.52197360992432,-1
18,baja_luz,2,1,2,95.86811661720276,-1
18,baja_luz,2,1,2,96.24795317649841,-1
18,baja_luz,2,1,2,96.36420607566833,-1
18,baja_luz,2,1,2,96.73098921775818,-1
18,baja_luz,2,1,2,96.37868404388428,-1
18,baja_luz,2,1,2,96.52260541915894,-1
18,baja_luz,2,1,2,96.52622938156128,-1
18,baja_luz,2,1,2,96.02222442626953,-1
18,baja_luz,2,1,2,96.9797432422638,-1
18,baja_luz,2,1,2,97.31205701828003,-1
18,baja_luz,2,1,2,97.56100177764893,-1
18,baja_luz,2,1,2,96.60033583641052,-1
18,baja_luz,2,1,2,97.4777102470398,-1
18,baja_luz,2,1,2,97.70810008049011,-1
18,baja_luz,2,1,2,97.70810008049011,-1
18,baja_luz,2,1,2,97.78349995613098,-1
18,baja_luz,2,1,2,97.9472279548645,-1
18,baja_luz,2,1,2,97.69365191459656,-1
18,baja_luz,2,1,2,96.98638916015625,-1
18,baja_luz,2,1,2,97.82444834709167,-1
18,baja_luz,2,1,2,97.3438024520874,-1
18,baja_luz,2,1,2,96.06510996818542,-1
18,baja_luz,2,1,2,97.54947423934937,-1
18,baja_luz,2,1,2,97.73641228675842,-1
18,baja_luz,2,1,2,97.54947423934937,-1
18,baja_luz,2,1,2,96.80691957473755,-1
18,baja_luz,2,1,2,96.67212963104248,-1
18,baja_luz,2,1,2,96.52127623558044,-1
18,baja_luz,2,1,2,96.98064923286438,-1
18,baja_luz,2,1,2,97.50873446464539,-1
18,baja_luz,2,1,2,96.48776650428772,-1
18,baja_luz,2,1,2,97.46984839439392,-1
18,baja_luz,2,1,2,97.27146029472351,-1
18,baja_luz,2,1,2,97.05026745796204,-1
18,baja_luz,2,1,2,97.69768118858337,-1
18,baja_luz,2,1,2,97.49301671981812,-1
18,baja_luz,2,1,2,97.2857654094696,-1
18,baja_luz,2,1,2,97.47939705848694,-1
18,baja_luz,2,1,2,97.355055809021,-1
18,baja_luz,2,1,2,97.2521185874939,-1
18,baja_luz,2,1,2,97.57902026176453,-1
18,baja_luz,2,1,2,97.57902026176453,-1
18,baja_luz,2,1,2,97.57902026176453,-1
18,baja_luz,2,1,2,97.44093418121338,-1
18,baja_luz,2,1,2,97.2806990146637,-1
18,baja_luz,2,1,2,97.10769057273865,-1
18,baja_luz,2,1,2,97.00405597686768,-1
18,baja_luz,2,1,2,97.02695608139038,-1
18,baja_luz,2,1,2,97.47340679168701,-1
18,baja_luz,2,1,2,97.01091051101685,-1
18,baja_luz,2,1,2,97.01091051101685,-1
18,baja_luz,2,1,2,97.01091051101685,-1
18,baja_luz,2,1,2,97.55300283432007,-1
19,baja_luz,3,1,3,98.98102283477783,-1
19,baja_luz,3,1,3,99.13411736488342,-1
19,baja_luz,3,1,3,99.20927882194519,-1
19,baja_luz,3,1,3,98.83511662483215,-1
19,baja_luz,3,1,3,98.89432191848755,-1
19,baja_luz,3,1,3,98.71403574943542,-1
19,baja_luz,3,1,3,98.6006498336792,3
19,baja_luz,3,1,3,98.85890483856201,-1
19,baja_luz,3,1,3,98.3109712600708,-1
19,baja_luz,3,1,3,98.490309715271,-1
19,baja_luz,3,1,3,98.2862114906311,-1
19,baja_luz,3,1,3,97.85738587379456,-1
19,baja_luz,3,1,3,99.12428855895996,-1
19,baja_luz,3,1,3,99.0776777267456,-1
19,baja_luz,3,1,3,99.07429814338684,-1
19,baja_luz,3,1,3,98.74070286750793,-1
19,baja_luz,3,1,3,99.36256408691406,-1
19,baja_luz,3,1,3,99.41595792770386,-1
19,baja_luz,3,1,3,99.44974780082703,-1
19,baja_luz,3,1,3,99.48369264602661,-1
19,baja_luz,3,1,3,99.5378851890564,-1
19,baja_luz,3,1,3,99.59328770637512,-1
19,baja_luz,3,1,3,99.61511492729187,-1
19,baja_luz,3,1,3,99.64446425437927,-1
19,baja_luz,3,1,3,99.56033229827881,-1
19,baja_luz,3,1,3,99.55398440361023,-1
19,baja_luz,3,1,3,99.58336353302002,-1
19,baja_luz,3,1,3,99.58336353302002,-1
19,baja_luz,3,1,3,99.73006844520569,-1
19,baja_luz,3,1,3,99.69754219055176,-1
19,baja_luz,3,1,3,99.5707094669342,-1
19,baja_luz,3,1,3,99.46659803390503,-1
19,baja_luz,3,1,3,99.42575693130493,-1
19,baja_luz,3,1,3,99.43037629127502,-1
19,baja_luz,3,1,3,99.49187636375427,-1
19,baja_luz,3,1,3,99.49187636375427,-1
19,baja_luz,3,1,3,99.41404461860657,-1
19,baja_luz,3,1,3,99.41404461860657,-1
19,baja_luz,3,1,3,99.57987666130066,-1
19,baja_luz,3,1,3,99.5831310749054,-1
19,baja_luz,3,1,3,99.61037635803223,-1
19,baja_luz,3,1,3,99.77964162826538,-1
19,baja_luz,3,1,3,99.73188042640686,-1
19,baja_luz,3,1,3,99.68761205673218,-1
19,baja_luz,3,1,3,99.68761205673218,-1
19,baja_luz,3,1,3,99.68685507774353,-1
19,baja_luz,3,1,3,99.68685507774353,-1
19,baja_luz,3,1,3,99.58629608154297,-1
19,baja_luz,3,1,3,99.50762391090393,-1
19,baja_luz,3,1,3,99.51253533363342,-1
19,baja_luz,3,1,3,99.6638298034668,-1
19,baja_luz,3,1,3,99.62407350540161,-1
19,baja_luz,3,1,3,99.65236783027649,-1
19,baja_luz,3,1,3,99.65236783027649,-1
19,baja_luz,3,1,3,99.61262345314026,-1
19,baja_luz,3,1,3,99.5473325252533,-1
19,baja_luz,3,1,3,99.56165552139282,-1
19,baja_luz,3,1,3,99.56165552139282,-1
19,baja_luz,3,1,3,99.74397420883179,-1
19,baja_luz,3,1,3,99.52999353408813,-1
19,baja_luz,3,1,3,99.53243136405945,-1
19,baja_luz,3,1,3,99.53243136405945,-1
19,baja_luz,3,1,3,99.53243136405945,-1
19,baja_luz,3,1,3,99.66224431991577,-1
19,baja_luz,3,1,3,99.66224431991577,-1
19,baja_luz,3,1,3,99.66224431991577,-1
19,baja_luz,3,1,3,99.66224431991577,-1
19,baja_luz,3,1,3,99.53601956367493,-1
19,baja_luz,3,1,3,99.57839846611023,-1
19,baja_luz,3,1,3,99.66909885406494,-1
19,baja_luz,3,1,3,99.64661598205566,-1
19,baja_luz,3,1,3,99.5934009552002,-1
19,baja_luz,3,1,3,99.62273836135864,-1
19,baja_luz,3,1,3,99.66367483139038,-1
19,baja_luz,3,1,3,99.63610768318176,-1
19,baja_luz,3,1,3,99.66367483139038,-1
19,baja_luz,3,1,3,99.63032007217407,-1
19,baja_luz,3,1,3,99.45881366729736,-1
19,baja_luz,3,1,3,99.60474371910095,-1
19,baja_luz,3,1,3,99.58211183547974,-1
19,baja_luz,3,1,3,99.19655323028564,-1
19,baja_luz,3,1,3,99.59059953689575,-1
19,baja_luz,3,1,3,99.54307079315186,-1
19,baja_luz,3,1,3,99.58451390266418,-1
19,baja_luz,3,1,3,99.58451390266418,-1
19,baja_luz,3,1,3,99.57175850868225,-1
19,baja_luz,3,1,3,99.57175850868225,-1
19,baja_luz,3,1,3,99.5553195476532,-1
19,baja_luz,3,1,3,99.54186677932739,-1
19,baja_luz,3,1,3,99.54186677932739,-1
19,baja_luz,3,1,3,99.41999912261963,-1
19,baja_luz,3,1,3,99.41174983978271,-1
19,baja_luz,3,1,3,99.41174983978271,-1
19,baja_luz,3,1,3,99.62818026542664,-1
19,baja_luz,3,1,3,99.565988779068,-1
19,baja_luz,3,1,3,99.60291385650635,-1
19,baja_luz,3,1,3,99.60291385650635,-1
19,baja_luz,3,1,3,99.53372478485107,-1
20,baja_luz,4,1,3,99.70358610153198,-1
20,baja_luz,4,1,3,98.31238985061646,-1
20,baja_luz,4,1,3,99.13231134414673,-1
20,baja_luz,4,1,3,88.03094029426575,-1
20,baja_luz,4,1,3,91.6576623916626,-1
20,baja_luz,4,1,3,87.58056163787842,-1
20,baja_luz,4,1,3,86.09281778335571,3
20,baja_luz,4,1,3,90.55052399635315,-1
20,baja_luz,4,1,3,82.65798687934875,-1
20,baja_luz,4,1,3,80.27966618537903,-1
20,baja_luz,4,1,3,81.50432705879211,-1
20,baja_luz,4,1,4,50.89278221130371,-1
20,baja_luz,4,1,4,50.88011622428894,-1
20,baja_luz,4,1,3,67.04387664794922,-1
20,baja_luz,4,1,3,55.93898296356201,-1
20,baja_luz,4,1,3,60.29132008552551,-1
20,baja_luz,4,1,3,66.32273197174072,-1
20,baja_luz,4,1,3,66.75386428833008,-1
20,baja_luz,4,1,3,86.16049289703369,-1
20,baja_luz,4,1,3,82.90618062019348,-1
20,baja_luz,4,1,3,67.50162839889526,-1
20,baja_luz,4,1,3,94.56861615180969,-1
20,baja_luz,4,1,3,92.10256934165955,-1
20,baja_luz,4,1,3,82.13456869125366,-1
20,baja_luz,4,1,3,68.92542839050293,-1
20,baja_luz,4,1,3,65.3956651687622,-1
20,baja_luz,4,1,3,63.20909857749939,-1
20,baja_luz,4,1,3,55.9461236000061,-1
20,baja_luz,4,1,3,79.10491824150085,-1
20,baja_luz,4,1,3,94.52095627784729,-1
20,baja_luz,4,1,3,95.51357626914978,-1
20,baja_luz,4,1,3,93.21851134300232,-1
20,baja_luz,4,1,3,93.21851134300232,-1
20,baja_luz,4,1,3,97.07671999931335,-1
20,baja_luz,4,1,3,95.61652541160583,-1
20,baja_luz,4,1,3,95.61652541160583,-1
20,baja_luz,4,1,3,95.61652541160583,-1
20,baja_luz,4,1,3,92.83278584480286,-1
20,baja_luz,4,1,3,94.2484438419342,-1
20,baja_luz,4,1,3,94.2484438419342,-1
20,baja_luz,4,1,3,94.2484438419342,-1
20,baja_luz,4,1,3,93.95251870155334,-1
20,baja_luz,4,1,3,94.75604891777039,-1
20,baja_luz,4,1,3,93.3392345905304,-1
20,baja_luz,4,1,3,92.64107942581177,-1
20,baja_luz,4,1,3,92.95655488967896,-1
20,baja_luz,4,1,3,93.73617768287659,-1
20,baja_luz,4,1,3,90.34509658813477,-1
20,baja_luz,4,1,3,91.55340194702148,-1
20,baja_luz,4,1,3,88.03359866142273,-1
20,baja_luz,4,1,3,92.79680252075195,-1
20,baja_luz,4,1,3,94.47871446609497,-1
20,baja_luz,4,1,3,88.99002075195312,-1
20,baja_luz,4,1,3,94.39908862113953,-1
20,baja_luz,4,1,3,94.32621002197266,-1
20,baja_luz,4,1,3,92.45862364768982,-1
20,baja_luz,4,1,3,74.17965531349182,-1
20,baja_luz,4,1,3,81.99743032455444,-1
20,baja_luz,4,1,3,81.99743032455444,-1
20,baja_luz,4,1,4,87.59407997131348,-1
20,baja_luz,4,1,4,87.41556406021118,-1
20,baja_luz,4,1,4,88.63561749458313,-1
20,baja_luz,4,1,4,88.63561749458313,-1
20,baja_luz,4,1,4,95.80087065696716,4
20,baja_luz,4,1,4,89.13235664367676,-1
20,baja_luz,4,1,4,81.17669224739075,-1
20,baja_luz,4,1,4,88.28468918800354,-1
20,baja_luz,4,1,4,90.93853831291199,-1
20,baja_luz,4,1,4,94.5949912071228,-1
20,baja_luz,4,1,4,92.53591895103455,-1
20,baja_luz,4,1,4,92.94366240501404,-1
20,baja_luz,4,1,4,92.94366240501404,-1
20,baja_luz,4,1,4,94.02889013290405,-1
20,baja_luz,4,1,4,94.59441304206848,-1
20,baja_luz,4,1,4,95.12843489646912,-1
20,baja_luz,4,1,4,95.12843489646912,-1
20,baja_luz,4,1,4,95.52306532859802,-1
20,baja_luz,4,1,4,92.29984879493713,-1
20,baja_luz,4,1,4,94.0819263458252,-1
20,baja_luz,4,1,4,94.0819263458252,-1
20,baja_luz,4,1,4,94.0819263458252,-1
20,baja_luz,4,1,4,91.89210534095764,-1
20,baja_luz,4,1,4,89.47491645812988,-1
20,baja_luz,4,1,4,93.26785802841187,-1
20,baja_luz,4,1,4,91.33536219596863,-1
20,baja_luz,4,1,4,89.25969004631042,-1
20,baja_luz,4,1,4,87.00041770935059,-1
20,baja_luz,4,1,4,87.00041770935059,-1
20,baja_luz,4,1,4,87.00041770935059,-1
20,baja_luz,4,1,4,87.15184926986694,-1
20,baja_luz,4,1,4,85.85614562034607,-1
20,baja_luz,4,1,4,94.36087012290955,-1
20,baja_luz,4,1,4,90.71730375289917,-1
20,baja_luz,4,1,4,90.90428948402405,-1
20,baja_luz,4,1,4,87.66815662384033,-1
20,baja_luz,4,1,4,92.69082546234131,-1
